Resource template name,Resource template ID,Top Class,SubClasses,Property,Property Label in Sinopia,Language suppressed?,Required?,Repeatable?,Ordered?,Remark,Remark URL,Property type,Suppressed node?,Data type,Default URI,Default Label,Lookups added,RT linked,Comments,,,,,,,,,,,,,,,
_PCC BF2 Monograph Work,pcc:bf2:Monograph:Work,bf:Work,bf:Text,,,,,,,,,,,,,,,,,,,,,,,,,,,,,,,
,,,,bf:hasInstance,has Manifestation (BIBFRAME Instance),,FALSE,TRUE,,"Look up an existing instance. Choose ""Create New"" to add a new instance",,lookup,N,,,,Sinopia BIBFRAME instance resources,,,,,,,,,,,,,,,,,
,,,,bf:title,Work Title,,TRUE,FALSE,,RDA core element,http://access.rdatoolkit.org/6.2.html,nested resource,,,,,,pcc:bf2:Title:WorkTitle,,,,,,,,,,,,,,,,
,,,,bf:title,Variant Work Title,,FALSE,TRUE,,,,nested resource,,,,,,pcc:bf2:Title:ParallelTitle,,,,,,,,,,,,,,,,
,,,,bf:contribution,Primary Contribution,,FALSE,FALSE,,,http://access.rdatoolkit.org/19.2.html,nested resource,,,,,,pcc:bflc:PrimaryContribution,,,,,,,,,,,,,,,,
,,,,bf:contribution,Contribution,,FALSE,TRUE,,,http://access.rdatoolkit.org/19.3.html,nested resource,,,,,,pcc:bf2:Contribution,,,,,,,,,,,,,,,,
,,,,bf:genreForm,Form/Genre of Work,,FALSE,TRUE,,,http://access.rdatoolkit.org/6.3.html,lookup,,,,,LOC all genres (QA),,,,,,,,,,,,,,,,,
,,,,,,,,,,,,,,,,,MESH publication types (QA),,,,,,,,,,,,,,,,,
,,,,,,,,,,,,,,,,,GETTY_AAT__Objects_Object_Genres (QA),,,,,,,,,,,,,,,,,
,,,,,,,,,,,,,,,,,OCLC FAST form (QA),,,,,,,,,,,,,,,,,
,,,,,Government Publication Type,,FALSE,FALSE,,,,nested resource,,,,,,pcc:bflc:GovernmentPublicationType,,,,,,,,,,,,,,,,
,,,,bf:originDate,Date of Work,,FALSE,TRUE,,,http://access.rdatoolkit.org/6.4.html,literal,,,,,,,,,,,,,,,,,,,,,,
,,,,bf:legalDate,,,,,,,,,,,,,,,,,,,,,,,,,,,,,,
,,,,bf:originPlace,Place of Origin of the Work,,FALSE,FALSE,,,http://access.rdatoolkit.org/6.5.html,nested resource,,,,,,pcc:bf2:Place,,,,,,,,,,,,,,,,
,,,,bf:language,Language,,TRUE,FALSE,,,https://original.rdatoolkit.org/6.11.html,nested resource,,,,,,pcc:bf2:Language,,,,,,,,,,,,,,,,
,,,,bf:notation,Script,,FALSE,TRUE,,,http://access.rdatoolkit.org/7.13.2.html,nested resource,,,,,,pcc:bf2:Script,,,,,,,,,,,,,,,,
,,,,bf:geographicCoverage,(Geographic) Coverage of the Content,,FALSE,FALSE,,,http://access.rdatoolkit.org/7.3.html,nested resource,,,,,,pcc:bf2:GeographicCoverage,,,,,,,,,,,,,,,,
,,,,bf:temporalCoverage,(Time) Coverage of the Content,,FALSE,TRUE,,,http://access.rdatoolkit.org/7.3.html,literal,,,,,,,,,,,,,,,,,,,,,,
,,,,bf:intendedAudience,Intended Audience,,FALSE,FALSE,,,http://access.rdatoolkit.org/7.7.html ,nested resource,,,,,,pcc:bf2:IntendedAudience,,,,,,,,,,,,,,,,
,,,,bf:dissertation,Dissertation or Thesis Information,,FALSE,FALSE,,,http://access.rdatoolkit.org/7.9.html,nested resource,,,,,,pcc:bf2:Dissertation,,,,,,,,,,,,,,,,
,,,,bf:illustrativeContent,Illustrative Content,,FALSE,FALSE,,,http://access.rdatoolkit.org/7.15.html,nested resource,,,,,,pcc:bf2:IllustrativeContent,,,,,,,,,,,,,,,,
,,,,bf:colorContent,Color Content,,FALSE,FALSE,,,http://access.rdatoolkit.org/7.17.html,nested resource,,,,,,pcc:bf2:ColorContent,,,,,,,,,,,,,,,,
,,,,bf:note,Note about the Work,,FALSE,TRUE,,,http://access.rdatoolkit.org/7.29.html ,nested resource,,,,,,pcc:bf2:Note:GeneralNote,,,,,,,,,,,,,,,,
,,,,bf:tableOfContents,Contents,,FALSE,TRUE,,SINOPIA PCC PRACTICE: Apply ISBD punctation in creating a contents note (no limit on number of works in the contents note unless burdensome). Give an analytical authorized access point for the predominant or first work in the compilation. Additional access points for other related works may also be included at the discretion of the cataloger.,http://access.rdatoolkit.org/lcpschp25_lcps25-358.html,nested resource,,,,,,pcc:bf2:Note:Contents,,,,,,,,,,,,,,,,
,,,,,,,,,,,,,,,,,,,,,,,,,,,,,,,,,,
,,,,,,,,,,,,,,,,,,,,,,,,,,,,,,,,,,
,,,,,,,,,,,,,,,,,,,,,,,,,,,,,,,,,,
,,,,,,,,,,,,,,,,,,,,,,,,,,,,,,,,,,
,,,,,,,,,,,,,,,,,,,,,,,,,,,,,,,,,,
,,,,bf:summary,Summarization of Content,,FALSE,TRUE,,,http://access.rdatoolkit.org/7.10.html ,nested resource,,,,,,pcc:bf2:Note:Summary,,,,,,,,,,,,,,,,
,,,,bf:supplementaryContent,Supplementary Content,,FALSE,FALSE,,, https://original.rdatoolkit.org/7.16.html ,nested resource,,,,,,pcc:bf2:Note:SupplContent,,,,,,,,,,,,,,,,
,,,,bf:hasSeries,In series,,FALSE,TRUE,,"Lookup existing series. Choose ""Create new"" to add a new series.",http://access.rdatoolkit.org/25.1.html ,lookup,,,,,LOC all names (QA),,,,,,,,,,,,,,,,,
,,,,,,,,,,,,,,,,,Sinopia BIBFRAME work resources,,,,,,,,,,,,,,,,,
,,,,bf:subject,Subject of the Work,,FALSE,TRUE,,,http://access.rdatoolkit.org/rdachp23_rda23-12.html,lookup,,,,,LOC all subjects (QA),,,,,,,,,,,,,,,,,
,,,,,,,,,,,,,,,,,LOC all names (QA),,,,,,,,,,,,,,,,,
,,,,,,,,,,,,,,,,,MESH subjects,,,,,,,,,,,,,,,,,
,,,,,,,,,,,,,,,,,OCLCFAST topic (QA) - direct,,,,,,,,,,,,,,,,,
,,,,,,,,,,,,,,,,,OCLCFAST geographic (QA) - direct,,,,,,,,,,,,,,,,,
,,,,,,,,,,,,,,,,,OCLCFAST event_name (QA) - direct,,,,,,,,,,,,,,,,,
,,,,,,,,,,,,,,,,,Homosaurus,,,,,,,,,,,,,,,,,
,,,,bf:classification,Classification numbers,,FALSE,TRUE,,,,nested resource,,,,,,pcc:bf2:Classification:Ddc,,,,,,,,,,,,,,,,
,,,,,,,,,,,,,,,,,,pcc:bf2:Classification:Lcc,,,,,,,,,,,,,,,,
,,,,,,,,,,,,,,,,,,pcc:bf2:Classification:NLM,,,,,,,,,,,,,,,,
,,,,bf:content,Content Type,,TRUE,TRUE,,,http://access.rdatoolkit.org/6.9.html,nested resource,,,,,,pcc:bf2:ContentType:Text,,,,,,,,,,,,,,,,
,,,,bflc:relationship,Related Work,,FALSE,TRUE,,,http://access.rdatoolkit.org/rdachp25_rda25-65.html,nested resource,,,,,,pcc:bflc:RelatedWork,,,,,,,,,,,,,,,,
,,,,bf:expressionOf,has LC Hub or Opus,,FALSE,TRUE,,Use to add URI for SHARE-VDE Opus or BIBFRAME Hub,,URI,,,,,,,,,taking it out of here. big question,,,,,,,,,,,,,
,,,,,,,,,,,,,,,,,,,,,,,,,,,,,,,,,,
,,,,bf:adminMetadata,Administrative metadata,,TRUE,TRUE,,"Choose ""Create new"" to add Administrative Metadata",,nested resource,,,,,,pcc:bf2:AdminMetadata,,,,,,,,,,,,,,,,
,,,,,,,,,,,,,,,,,,,,,,,,,,,,,,,,,,
_PCC BF2 Monograph Instance,pcc:bf2:Monograph:Instance,bf:Instance,bf:Electronic,,,,,,,,,,N,,,,,,,,,,,,,,,,,,,,,
,,,,bf:instanceOf,Instance of,,FALSE,TRUE,,"Look up existing work. Choose ""Create new"" to create a new work.",,lookup,,,,,Sinopia BIBFRAME work resources,,,,,,,,,,,,,,,,,
,,,,,,,,,,,,,,,,,,,,,,,,,,,,,,,,,,
,,,,bf:title,Instance Title,,TRUE,FALSE,,, https://original.rdatoolkit.org/2.3.html ,nested resource,,,,,,pcc:bf2:Title:InstanceTitle,,,,,,,,,,,,,,,,
,,,,bf:title,"Parallel, Variant & Transliterated Titles",,FALSE,TRUE,,,,nested resource,,,,,,pcc:bf2:Title:ParallelTitle,,,,,,,,,,,,,,,,
,,,,,,,,,,,,,,,,,,pcc:bf2:Title:VariantTitle,,,,,,,,,,,,,,,,
,,,,,,,,,,,,,,,,,,pcc:bflc:Title:TransliteratedTitle,,,,,,,,,,,,,,,,
,,,,bf:responsibilityStatement,Statement of Responsibility,,FALSE,TRUE,,"SINOPIA GUIDANCE: If there is more than one statement of responsibility, use ISBD punctuation to separate statements. Add a second statement only for a statement in an alternate script/transliteration.",http://access.rdatoolkit.org/2.4.2.html,literal,,,,,,,,,,,,,,,,,,,,,,
,,,,,,,,,,,,,,,,,,,,,,,,,,,,,,,,,,
,,,,,,,,,,,,,,,,,,,,,,,,,,,,,,,,,,
,,,,,,,,,,,,,,,,,,,,,,,,,,,,,,,,,,
,,,,,,,,,,,,,,,,,,,,,,,,,,,,,,,,,,
,,,,bf:editionStatement,Edition Statement,,FALSE,TRUE,,"SINOPIA GUIDANCE:  Use ISBD punctuation if there is a statement of responsibility for the edition statement. If there is more than one edition statement, record each separately.",http://access.rdatoolkit.org/2.5.html,literal,,,,,,,,,,,,,,,,,,,,,,
,,,,,,,,,,,,,,,,,,,,,,,,,,,,,,,,,,
,,,,,,,,,,,,,,,,,,,,,,,,,,,,,,,,,,
,,,,,,,,,,,,,,,,,,,,,,,,,,,,,,,,,,
,,,,,,,,,,,,,,,,,,,,,,,,,,,,,,,,,,
,,,,bf:provisionActivity,Provision Activity--Publication Information,,TRUE,TRUE,,,,nested resource,,,,,,pcc:bflc:ProvisionActivity:Publication,,,,,,,,,,,,,,,,
,,,,bf:provisionActivity,"Distribution, Manufacture, Production Information",,FALSE,FALSE,,,,nested resource,,,,,,pcc:bflc:ProvisionActivity:Production,,,,,,,,,,,,,,,,
,,,,,,,,,,,,,,,,,,pcc:bflc:ProvisionActivity:Distribution,,,,,,,,,,,,,,,,
,,,,,,,,,,,,,,,,,,pcc:bflc:ProvisionActivity:Manufacture,,,,,,,,,,,,,,,,
,,,,,Copyright Date,Y,FALSE,TRUE,,"Include copyright symbol or use the term ""copyright""",http://access.rdatoolkit.org/2.11.html,literal,,,,,,,,,,,,,,,,,,,,,,
,,,,bf:copyrightDate,Contribution to the Manifestation,,FALSE,TRUE,,,,nested resource,,,,,,pcc:bf2:Contribution,,,,,,,,,,,,,,,,
,,,,bf:seriesStatement,Series Statement,,FALSE,TRUE,,"Include here any series statement and associated enumeration and/or ISSN, and any associated subseries and its enumeration and/or ISSN. Use ISBD punctuation.",https://original.rdatoolkit.org/2.12.html ,literal,,,,,,,,,,,,,,,,,,,,,,
,,,,bf:identifiedBy,Identifiers,Y,FALSE,TRUE,,, http://access.rdatoolkit.org/2.15.html,nested resource,,,,,,pcc:bf2:Identifiers:ISBN,,,,,,,,,,,,,,,,
,,,,,,,,,,,,,,,,,,pcc:bf2:Identifiers:LCCN,,,,,,,,,,,,,,,,
,,,,,,,,,,,,,,,,,,pcc:bf2:Identifiers:Local:OCLC,,,,,,,,,,,,,,,,
,,,,,,,,,,,,,,,,,,pcc:bf2:Identifiers:Other,,,,,,,,,,,,,,,,
,,,,bf:note,Note about the Instance,,FALSE,TRUE,,,http://access.rdatoolkit.org/2.17.html,nested resource,,,,,,pcc:bf2:Note:GeneralNote,,,,,,,,,,,,,,,,
,,,,bf:extent,Extent,,FALSE,FALSE,,, https://original.rdatoolkit.org/3.4.html,nested resource,,,,,,pcc:bf2:Extent,,,,,,,,,,,,,,,,
,,,,bf:dimensions,Dimensions,Y,FALSE,FALSE,,,http://access.rdatoolkit.org/3.5.html,literal,,,,,,,,,,,,,,,,,,,,,,
,,,,bf:issuance,Mode of Issuance,,TRUE,FALSE,,,http://access.rdatoolkit.org/2.13.html,nested resource,,,,,,pcc:bf2:ModeOfIssuance:SingleUnit,,,,,,,,,,,,,,,,
,,,,bf:media,Media type,,TRUE,TRUE,,,http://access.rdatoolkit.org/3.2.html,nested resource,,,,,,pcc:bf2:MediaType:Unmediated,,,,,,,,,,,,,,,,
,,,,bf:carrier,Carrier type,,TRUE,TRUE,,,http://access.rdatoolkit.org/3.3.html,nested resource,,,,,,pcc:bf2:CarrierType:Volume,,,,,,,,,,,,,,,,
,,,,bf:electronicLocator,Uniform Resource Locator for resource,Y,FALSE,TRUE,,,http://access.rdatoolkit.org/4.6.html,URI,,,,,,,,,,,,,,,,,,,,,,
,,,,bf:digitalCharacteristic,Digital File Type,,FALSE,FALSE,,,https://original.rdatoolkit.org/3.19.2.html,nested resource,,,,,,pcc:bf2:DigitalCharacteristic:FileType,,,,,,,,,,,,,,,,
,,,,bf:digitalCharacteristic,Digital Encoding Format,,FALSE,FALSE,,,http://original.rdatoolkit.org/rdachp3_rda3-5264.html,nested resource,,,,,,pcc:bf2:DigitalCharacteristic:EncodingFormat,,,,,,,,,,,,,,,,
,,,,bflc:relationship,Related manifestation,,FALSE,TRUE,,,https://original.rdatoolkit.org/27.1.html,nested resource,,,,,,pcc:bflc:RelatedManifestation,,,,,,,,,,,,,,,,
,,,,bf:hasItem,Has Item,,FALSE,TRUE,,"Look up the URI or choose ""Create new"" to add a new item to this instance",,Lookup,,,,,Sinopia BIBFRAME Item resources,,,,,,,,,,,,,,,,,
,,,,bf:adminMetadata,Administrative metadata,,TRUE,TRUE,,Always repeat the adminmetadata template for new or updated metadata. Do not re-use an already completed template.,,nested resource,,,,,,pcc:bf2:AdminMetadata,,,,,,,,,,,,,,,,
,,,,,,,,,,,,,,,,,,,,,,,,,,,,,,,,,,
,,,,,,,,,,,,,,,,,,,,,,,,,,,,,,,,,,
_PCC BF2 Monograph Item,pcc:bf2:Monograph:Item,bf:Item,,,,,,,,,,,N,,,,,,,,,,,,,,,,,,,,,
,,,,bf:heldBy,Held by,,FALSE,TRUE,,,,lookup,,,,,LOC cultural heritage organizations,,,,,,,,,,,,,,,,,
,,,,bf:shelfMark,Shelving call number,,FALSE,TRUE,,,,nested resource,,,,,,pcc:bf2:Identifiers:ShelfMark:LCC,,,,,,,,,,,,,,,,
,,,,,,,,,,,,,,,,,,pcc:bf2:Identifiers:ShelfMark:NLM,,,,,,,,,,,,,,,,
,,,,,,,,,,,,,,,,,,pcc:bf2:Identifiers:ShelfMark,,,,,,,,,,,,,,,,
,,,,bf:electronicLocator,Electronic location,,FALSE,TRUE,,,http://access.rdatoolkit.org/4.6.html,URI,,,,,,,,,,,,,,,,,,,,,,
,,,,bf:sublocation,Held in sublocation,,FALSE,TRUE,,,,literal,,,,,,,,,,,,,,,,,,,,,,
,,,,bf:identifiedBy,Barcode,,FALSE,TRUE,,,http://access.rdatoolkit.org/2.20.html,nested resource,,,,,,pcc:bf2:Identifiers:Barcode,,,,,,,,,,,,,,,,
,,,,bf:note,Notes about the Item,,FALSE,TRUE,,,http://access.rdatoolkit.org/2.21.html,nested resource,,,,,,pcc:bf2:Note:GeneralNote,,,,,,,,,,,,,,,,
,,,,bf:usageAndAccessPolicy,"Lending, Reproduction, and Retention Policies",,FALSE,TRUE,,,http://access.rdatoolkit.org/4.5.html,nested resource,,,,,,pcc:bf2:Item:Access,,,,,,,,,,,,,,,,
,,,,,,,,,,,,,,,,,,pcc:bf2:Item:UseOrReproduction,,,,,,,,,,,,,,,,
,,,,,,,,,,,,,,,,,,pcc:bf2:Item:Retention,,,,,,,,,,,,,,,,
,,,,bf:enumerationAndChronology,Enumeration and Chronology of Item,,FALSE,TRUE,,,,nested resource,,,,,,pcc:bf2:Item:Enumeration,,,,,,,,,,,,,,,,
,,,,,,,,,,,,,,,,,,pcc:bf2:Item:Chronology,,,,,,,,,,,,,,,,
,,,,bf:contribution,Contributor to Item,,FALSE,TRUE,,,,nested resource,,,,,,pcc:bf2:Contribution,,,,,,,,,,,,,,,,
,,,,bf:custodialHistory,Custodial History of Item,,FALSE,TRUE,,,,literal,,,,,,,,,,,,,,,,,,,,,,
,,,,bf:immediateAcquisition,Immediate Source of Acquisition of Item,,FALSE,TRUE,,,,nested resource,,,,,,pcc:bf2:Item:ImmAcqSource,,,,,,,,,,,,,,,,
,,,,bf:itemOf,Holding for (Item of),,FALSE,TRUE,,"Lookup in Sinopia or choose ""Create new"" to add a new instance for the item",,lookup,,,,,Sinopia BIBFRAME instance resources,,,,,,,,,,,,,,,,,
Access or Lending Policy,pcc:bf2:Item:Access,bf:AccessPolicy,,,,,,,,,,,N,,,,,,,,,,,,,,,,,,,,,
,,,,rdfs:label,Lending or Access Policy,,FALSE,TRUE,,,,literal,,,,,,,,,,,,,,,,,,,,,,
Additional Creator(s)/Contributor(s),pcc:bf2:Contribution,bf:Contribution,,,,,,,,,,,N,,,,,,,,,,,,,,,,,,,,,
,,,,bf:agent,Additional Creators/Contributor(s),,FALSE,FALSE,,,http://original.rdatoolkit.org/rdachp20_rda20-97.html,nested resource,,,,,,pcc:bf2:Agent,,,,,,,,,,,,,,,,
,,,,bf:role,Relationship Designator,,FALSE,TRUE,,,http://access.rdatoolkit.org/rdaappi_rdai-34.html,nested resource,,,,,,pcc:bf2:Role,,,,,,,,,,,,,,,,
Agent,pcc:bf2:Agent,bf:Agent,bf:Person,,,,,,,,,,Y,,,,,,,,,,,,,,,,,,,,,
,,,bf:Organization,rdfs:label,Agent,,FALSE,FALSE,,,,lookup,,,,,LOC all names (QA),,,,,,,,,,,,,,,,,
,,,bf:Meeting,,,,,,,,,,,,,,,,,,,,,,,,,,,,,,,
,,,bf:Family,,,,,,,,,,,,,,,,,,,,,,,,,,,,,,,
,,,bf:Jurisdiction,,,,,,,,,,,,,,,,,,,,,,,,,,,,,,,
Carrier Type--Volume,pcc:bf2:CarrierType:Volume,bf:Carrier,,,,,,,,,,,Y,,,,,,,,,,,,,,,,,,,,,
,,,,rdfs:label,Carrier Type,,FALSE,TRUE,,,,lookup,,,http://id.loc.gov/vocabulary/carriers/nc ,volume,LOC carriers [vocabularies] (QA),,,,,,,,,,,,,,,,,
Chronology,pcc:bf2:Item:Chronology,bf:Chronology,,,,,,,,,,,N,,,,,,,,,,,,,,,,,,,,,
,,,,rdfs:label,Chronology,,FALSE,TRUE,,,,literal,,,,,,,,,,,,,,,,,,,,,,
Classification--Dewey Decimal,pcc:bf2:Classification:DDC,bf:ClassificationDdc,,,,,,,,,,,N,,,,,,,,,,,,,,,,,,,,,
,,,,bf:classificationPortion,DDC Classification number,Y,FALSE,TRUE,,,,literal,,,,,,,,,,,,,,,,,,,,,,
,,,,bf:edition,Dewey Edition,,FALSE,FALSE,,,,lookup,,,,,Class schedule used,,,,,,,,,,,,,,,,,
Classification--Library of Congress,pcc:bf2:Classification:LCC,bf:ClassificationLcc,,,,,,,,,,,N,,,,,,,,,,,,,,,,,,,,,
,,,,bf:classificationPortion,LC Classification Number,Y,FALSE,FALSE,,,,literal,,,,,,,,,,,,,,,,,,,,,,
,,,,bf:itemPortion,Classification item number,,FALSE,FALSE,,,,literal,,,,,,,,,,,,,,,,,,,,,,
Classification--NLM,pcc:bf2:Classification:NLM,bf:ClassificationNlm,,,,,,,,,,,N,,,,,,,,,,,,,,,,,,,,,
,,,,bf:classification,Classification number,Y,FALSE,TRUE,,MARC 060$a; do not include shelving number from $b,,literal,,,,,,,,,,,,,,,,,,,,,,
Color Content,pcc:bf2:ColorContent,bf:ColorContent,,,,,,,,,,,Y,,,,,,,,,,,,,,,,,,,,,
,,,,rdfs:label,Color Content,,FALSE,TRUE,,,,lookup,,,,,LOC color content,,,,,,,,,,,,,,,,,
,,,,,,,,,,,,,,,,,,,,,,,,,,,,,,,,,,
,,,,,,,,,,,,,,,,,,,,,,,,,,,,,,,,,,
,,,,,,,,,,,,,,,,,,,,,,,,,,,,,,,,,,
Content Type (Text),pcc:bf2:ContentType:Text,bf:Content,,,,,,,,,,,Y,,,,,,,,,,,,,,,,,,,,,
,,,,rdfs:label,Content Type (Text),,FALSE,TRUE,,,,lookup,,,http://id.loc.gov/vocabulary/contentTypes/txt,text,LOC content types [vocabularies],,,,,,,,,,,,,,,,,
Creator of Work (Primary Contribution),pcc:bflc:PrimaryContribution,bflc:PrimaryContribution,,,,,,,,,,,N,,,,,,,,,,,,,,,,,,,,,
,,,,bf:agent,Creator of Work,,FALSE,FALSE,,"LC/PCC PS 19.2: LC practice/PCC practice for Core element when there is more than one creator: After satisfying the RDA core requirement, catalogers may provide additional authorized access points according to cataloger?s judgment; SINOPIA GUIDANCE: Provide additional authorized access points in the contribution field.",http://original.rdatoolkit.org/rdachp19_rda19-393.html,nested resource,,,,,,pcc:bf2:Agent,,,,,,,,,,,,,,,,
,,,,,Relationship Designator,,FALSE,TRUE,,LC/PCC PS I.1: LC practice/PCC practice: Consult the PCC Training Manual for Applying Relationship Designators in Bibliographic Records for up-to-date guidelines on using relationship designators.,http://original.rdatoolkit.org/rdaappi_rdai-23.html,nested resource,,,,,,pcc:bf2:Role,,,,,,,,,,,,,,,,
,,,,,,,,,,,,,,,,,,,,,,,,,,,,,,,,,,
,,,,,,,,,,,,,,,,,,,,,,,,,,,,,,,,,,
,,,,bf:role,,,,,,,,,,,,,,,,,,,,,,,,,,,,,,
Digital Encoding Format,pcc:bf2:DigitalCharacteristic:EncodingFormat,bf:EncodingFormat,,,,,,,,,,,Y,,,,,,,,,,,,,,,,,,,,,
,,,,rdfs:label,Digital Encoding Format,,FALSE,TRUE,,,,lookup,,,,,LOC encoding format [vocabularies] (QA),,,,,,,,,,,,,,,,,
Digital File Type,pcc:bf2:DigitalCharacteristic:FileType,bf:FileType,,,,,,,,,,,Y,,,,,,,,,,,,,,,,,,,,,
,,,,rdfs:label,Digital File Type,,FALSE,TRUE,,,,lookup,,,,,LOC file type [vocabularies] (QA),,,,,,,,,,,,,,,,,
Dissertation or Thesis Information,pcc:bf2:Dissertation,bf:Dissertation,,,,,FALSE,FALSE,,,http://access.rdatoolkit.org/7.9.html,,N,,,,,,,,,,,,,,,,,,,,,
,,,,bf:degree,Degree,,FALSE,FALSE,,,,literal,,,,,,,,,,,,,,,,,,,,,,
,,,,bf:grantingInstitution,Degree Granting Institution,,FALSE,TRUE,,,,literal,,,,,,,,,,,,,,,,,,,,,,
,,,,bf:date,Date of Dissertation or Thesis,,FALSE,FALSE,,,,literal,,,,,,,,,,,,,,,,,,,,,,
,,,,bf:note,Dissertation Note,,FALSE,FALSE,,,,nested resource,,,,,,pcc:bf2:Note:GeneralNote,,,,,,,,,,,,,,,,
Enumeration,pcc:bf2:Item:Enumeration,bf:Enumeration,,,,,,,,,,,N,,,,,,,,,,,,,,,,,,,,,
,,,,rdfs:label,Enumeration,,FALSE,TRUE,,,,literal,,,,,,,,,,,,,,,,,,,,,,
Extent,pcc:bf2:Extent,bf:Extent,,,,,,,,,,,N,,,,,,,,,,,,,,,,,,,,,
,,,,rdfs:label,Extent,,FALSE,TRUE,,,http://access.rdatoolkit.org/3.4.html,literal,,,,,,,,,,,,,,,,,,,,,,
,,,,bf:note,Note,,FALSE,TRUE,,,http://access.rdatoolkit.org/3.22.2.html,nested resource,,,,,,pcc:bf2:Note:GeneralNote,,,,,,,,,,,,,,,,
Geographic Coverage,pcc:bf2:GeographicCoverage,bf:GeographicCoverage,,,,,,,,,,,N,,,,,,,,,,,,,,,,,,,,,
,,,,rdfs:label,Geographic Coverage,,FALSE,TRUE,,,,lookup,,,,,LOC geographic [names] (QA),,,,,,,,,,,,,,,,,
,,,,,,,,,,,,,,,,,GEONAMES area_and_place (QA),,,,,,,,,,,,,,,,,
Government Publication Type,pcc:bflc:GovernmentPublicationType,,,,,,,,,,,,N,,,,,,,,,,,,,,,,,,,,,
,,,,rdfs:label,Government Publication Type,,FALSE,FALSE,,,,lookup,,,,,LOC government publication type,,,,,,,,,,,,,,,,,
Identifiers--Barcode,pcc:bf2:Identifiers:Barcode,bf:Barcode,,,,,,,,,,,N,,,,,,,,,,,,,,,,,,,,,
,,,,rdf:value,Barcode,Y,FALSE,FALSE,,,,literal,,,,,,,,,,,,,,,,,,,,,,
Identifiers--ISBN,pcc:bf2:Identifiers:ISBN,bf:Isbn,,,,,,,,,,,N,,,,,,,,,,,,,,,,,,,,,
,,,,,ISBN,Y,FALSE,FALSE,,SINOPIA PCC PRACTICE: Record ISBN as a single string without hyphens,http://original.rdatoolkit.org/rdachp2_rda2-8418.html,literal,,,,,,,,,,,,,,,,,,,,,,
,,,,rdf:value,,,,,,,,,,,,,,,,,,,,,,,,,,,,,,
,,,,bf:qualifier,Qualifier,,FALSE,TRUE,,,,literal,,,,,,,,,,,,,,,,,,,,,,
,,,,bf:note,Note,,FALSE,TRUE,,,,nested resource,,,,,,pcc:bf2:Note:GeneralNote,,,,,,,,,,,,,,,,
,,,,bf:status,"Incorrect, Invalid or Canceled?",,FALSE,FALSE,,,,nested resource,,,,,,pcc:bf2:Status,,,,,,,,,,,,,,,,
Identifiers--LCCN,pcc:bf2:Identifiers:LCCN,bf:Lccn,,,,,,,,,,,N,,,,,,,,,,,,,,,,,,,,,
,,,,rdf:value,LCCN,Y,FALSE,FALSE,,,,literal,,,,,,,,,,,,,,,,,,,,,,
,,,,bf:status,Canceled/Invalid?,,FALSE,FALSE,,,,nested resource,,,,,,pcc:bf2:Status,,,,,,,,,,,,,,,,
Identifiers--Local,pcc:bf2:Identifiers:Local:OCLCdefault,bf:Local,,,,,,,,,,,N,,,,,,,,,,,,,,,,,,,,,
,,,,rdf:value,Local system number,Y,FALSE,FALSE,,,,literal,,,,,,,,,,,,,,,,,,,,,,
,,,,bf:source,Source of number (i.e. OCLC),,FALSE,FALSE,,,,nested resource,,,,,,pcc:bf2:Identifiers:Source,,,,,,,,,,,,,,,,
,,,,,Note,,FALSE,TRUE,,,,nested resource,,,,,,pcc:bf2:Note:GeneralNote,,,,,,,,,,,,,,,,
,,,,bf:note,Canceled/Invalid?,,FALSE,FALSE,,,,nested resource,,,,,,pcc:bf2:Status,,,,,,,,,,,,,,,,
Identifiers--Other Identifier,pcc:bf2:Identifiers:Other,bf:Identifier,,,,,,,,,,,N,,,,,,,,,,,,,,,,,,,,,
,,,,rdf:value,Other identifier,Y,FALSE,FALSE,,,,literal,,,,,,,,,,,,,,,,,,,,,,
,,,,bf:qualifier,Source of Identifier,,FALSE,FALSE,,,,nested resource,,,,,,pcc:bf2:Identifiers:Source,,,,,,,,,,,,,,,,
,,,,bf:note,Note,,FALSE,FALSE,,,,nested resource,,,,,,pcc:bf2:Note:GeneralNote,,,,,,,,,,,,,,,,
Identifiers--Item Shelfmark (Local),pcc:bf2:Identifiers:ShelfMark,bf:ShelfMark,,,,,,,,,,,N,,,,,,,,,,,,,,,,,,,,,
,,,,rdf:value,Item Shelfmark,,FALSE,FALSE,,,,literal,,,,,,,,,,,,,,,,,,,,,,
Identifiers--Item Shelfmark (LCC),pcc:bf2:Identifiers:ShelfMark:LCC,bf:ShelfMarkLCC,,,,,,,,,,,N,,,,,,,,,,,,,,,,,,,,,
,,,,rdf:value,Identifiers--Item Shelfmark (LCC),,FALSE,FALSE,,,,literal,,,,,,,,,,,,,,,,,,,,,,
Identifiers--Item Shelfmark (NLM),pcc:bf2:Identifiers:ShelfMark:NLM,bf:ShelfMarkNlm,,,,,,,,,,,N,,,,,,,,,,,,,,,,,,,,,
,,,,rdf:value,Identifiers--Item Shelfmark (NLM),,FALSE,FALSE,,,,literal,,,,,,,,,,,,,,,,,,,,,,
Identifiers--Source,pcc:bf2:Identifiers:Source,bf:Source,,,,,,,,,,,N,,,,,,,,,,,,,,,,,,,,,
,,,,rdfs:label,Assigning Agency or Label name,,FALSE,TRUE,,,,literal,,,,,,,,,,,,,,,,,,,,,,
Illustrations,pcc:bf2:Illustrative Content,bf:Illustration,,,,,,,,,,,Y,,,,,,,,,,,,,,,,,,,,,
,,,,rdfs:label,Illustrative Content,,FALSE,TRUE,,,,lookup,,,,,LOC illustrative content,,,,,,,,,,,,,,,,,
Immediate Source of Acquisition,pcc:bf2:Item:ImmAcqSource,bf:ImmediateAcquisition,,,,,,,,,,,N,,,,,,,,,,,,,,,,,,,,,
,,,,rdfs:label,Immediate Sources of Acquisition of Item,,FALSE,TRUE,,,http://access.rdatoolkit.org/2.19.html,literal,,,,,,,,,,,,,,,,,,,,,,
Intended Audience,pcc:bf2:IntendedAudience,bf:IntendedAudience,,,,,,,,,,,Y,,,,,,,,,,,,,,,,,,,,,
,,,,rdfs:label,Intended Audience,,FALSE,TRUE,,,,lookup,,,,,LOC intended audience [vocabularies] (QA),,,,,,,,,,,,,,,,,
Language,pcc:bf2:Language,bf:Language,,,,,,,,,,,Y,,,,,,,,,,,,,,,,,,,,,
,,,,rdfs:label,Language,,FALSE,TRUE,,,,lookup,,,,,https://id.loc.gov/vocabulary/languages ,,,,,,,,,,,,,,,,,
,,,,,,,,,,,,,,,,,,,,,,,,,,,,,,,,,,
,,,,,,,,,,,,,,,,,,,,,,,,,,,,,,,,,,
Media type,pcc:bf2:MediaType:Unmediated,bf:Media,,,,,,,,,,,Y,,,,,,,,,,,,,,,,,,,,,
,,,,rdfs:label,Media Type--Unmediated,,FALSE,TRUE,,,,lookup,,,http://id.loc.gov/vocabulary/mediaTypes/n ,unmediated,LOC media types [vocabularies] (QA),,,,,,,,,,,,,,,,,
Mode of Issuance,pcc:bf2:ModeOfIssuance:SingleUnit,bf:Issuance,,,,,,,,,,,Y,,,,,,,,,,,,,,,,,,,,,
,,,,rdfs:label,Mode of Issuance,,FALSE,TRUE,,"Carrier type with ""single unit"" (monograph) default",,lookup,,,http://id.loc.gov/vocabulary/issuance/mono ,single unit,LOC issuance [vocabularies] (QA),,,,,,,,,,,,,,,,,
Note,pcc:bf2:Note:GeneralNote,bf:Note,,,,,,,,,,,N,,,,,,,,,,,,,,,,,,,,,
,,,,rdfs:label,Note,,FALSE,FALSE,,,,literal,,,,,,,,,,,,,,,,,,,,,,
Note--Contents note,pcc:bf2:Note:Contents,bf:TableOfContents,,,,,,,,,,,N,,,,,,,,,,,,,,,,,,,,,
,,,,rdfs:label,Contents note,,FALSE,FALSE,,,http://access.rdatoolkit.org/lcpschp25_lcps25-354.html,literal,,,,,,,,,,,,,,,,,,,,,,
,,,,bf:electronicLocator,URL for Contents note,Y,FALSE,FALSE,,,,literal,,,,,,,,,,,,,,,,,,,,,,
Note--Summary note,pcc:bf2:Note:Summary,bf:Summary,,,,,,,,,,,N,,,,,,,,,,,,,,,,,,,,,
,,,,rdfs:label,Summarization of Content,,FALSE,FALSE,,,http://access.rdatoolkit.org/7.10.html,literal,,,,,,,,,,,,,,,,,,,,,,
,,,,bf:electronicLocator,URL for Summary,Y,FALSE,FALSE,,,,URI,,,,,,,,,,,,,,,,,,,,,,
Note--Supplementary Content,pcc:bf2:Note:SupplContent,bf:SupplementaryContent,,,,,,,,,,,Y,,,,,,,,,,,,,,,,,,,,,
,,,,rdfs:label,Supplementary Content,,FALSE,TRUE,,,http://access.rdatoolkit.org/7.16.html,lookup,,,,,LOC supplemental content,,,,,,,,,,,,,,,,,
Place,pcc:bf2:Place,bf:Place,,,,,,,,,,,Y,,,,,,,,,,,,,,,,,,,,,
,,,,rdfs:label,Place,,FALSE,TRUE,,,,lookup,,,,,LOC all subjects (QA),,,,,,,,,,,,,,,,,
,,,,,,,,,,,,,,,,,LOC geographic [names] (QA),,,,,,,,,,,,,,,,,
,,,,,,,,,,,,,,,,,GEONAMES place,,,,,,,,,,,,,,,,,
,,,,,,,,,,,,,,,,,FAST geographic,,,,,,,,,,,,,,,,,
Provision activity--Distribution,pcc:bflc:ProvisionActivity:Distribution,bf:Distribution,,,,,,,,,,,N,,,,,,,,,,,,,,,,,,,,,
,,,,bf:date,Year of Distribution,Y,FALSE,TRUE,,,,literal,,EDTF,,,,,,,,,,,,,,,,,,,,
,,,,bf:place,Country of Distribution,,FALSE,TRUE,,Add a FAST term if a linkable place name is wanted. ,,lookup,,,,,MARC Country Codes,,,,,,,,,,,,,,,,,
,,,,,,,,,,,,,,,,,FAST geographic,,,,,,,,,,,,,,,,,
,,,,bflc:simplePlace,Place of Distribution,,FALSE,TRUE,,,http://original.rdatoolkit.org/rdachp2_rda2-7010.html,literal,,,,,,,,,,,,,,,,,,,,,,
,,,,bflc:simpleAgent,Distributor's Name,,FALSE,TRUE,,"If a linkable value is wanted for the distributor's name and role, also add a bf:Contribution in the instance template.",http://original.rdatoolkit.org/rdachp2_rda2-7122.html,literal,,,,,,,,,,,,,,,,,,,,,,
,,,,bflc:simpleDate,Date of Distribution,,FALSE,TRUE,,,http://access.rdatoolkit.org/2.9.6.html,literal,,,,,,,,,,,,,,,,,,,,,,
,,,,bf:note,Note on Distribution Statement,,FALSE,TRUE,,, http://original.rdatoolkit.org/rdachp2_rda2-9266.html,nested resource,,,,,,pcc:bf2:Note:GeneralNote,,,,,,,,,,,,,,,,
,,,,bflc:appliesTo,Coverage,,FALSE,TRUE,,Use only with serials,,nested resource,,,,,,pcc:bflc:Serial:AppliesTo,,,,,,,,,,,,,,,,
Provision activity--Manufacture,pcc:bflc:ProvisionActivity:Manufacture,bf:Manufacture,,,,,,,,,,,N,,,,,,,,,,,,,,,,,,,,,
,,,,bf:date,Year of Manufacture,Y,FALSE,TRUE,,,,,,,,,,,,,,,,,,,,,,,,,,
,,,,bf:place,Country of Manufacture,,FALSE,TRUE,,Add a FAST term if a linkable place name is wanted. ,,lookup,,,,,MARC Country Codes,,,,,,,,,,,,,,,,,
,,,,,,,,,,,,,,,,,FAST geographic,,,,,,,,,,,,,,,,,
,,,,bflc:simplePlace,Place of Manufacture,,FALSE,TRUE,,,,,,,,,,,,,,,,,,,,,,,,,,
,,,,bflc:simpleAgent,Manufacturer,,FALSE,TRUE,,"If a linkable value is wanted for the manufacturer's name and role, also add a bf:Contribution in the instance template.",http://original.rdatoolkit.org/rdachp2_rda2-7455.html,nested resource,,,,,,,,,,,,,,,,,,,,,,
,,,,bflc:simpleDate,Date of Manufacture,,FALSE,TRUE,,,,literal,,,,,,,,,,,,,,,,,,,,,,
,,,,bf:note,Note on Manufacture Statement,,FALSE,TRUE,,,http://original.rdatoolkit.org/rdachp2_rda2-9266.html,nested resource,,,,,,pcc:bf2:Note:GeneralNote,,,,,,,,,,,,,,,,
,,,,bflc:appliesTo,Coverage,,FALSE,TRUE,,Use only with serials,,nested resource,,,,,,pcc:bflc:Serial:AppliesTo,,,,,,,,,,,,,,,,
Provision activity--Production,pcc:bflc:ProvisionActivity:Production,bf:Production,,,,,,,,Use only with manuscript material.,,,N,,,,,,,,,,,,,,,,,,,,,
,,,,,Year of Production,Y,FALSE,FALSE,,"If converting to MARC, always add country code. This will populate the 008; do NOT repeat. Add FAST if a linkable value is wanted.",,,,,,,,,,,,,,,,,,,,,,,,
,,,,,,,,,,,,,,,,,,,,,,,,,,,,,,,,,,
,,,,bf:date,,,,,,,,,,,,,,,,,,,,,,,,,,,,,,
,,,,bf:place,Country of Production,,FALSE,TRUE,,,,lookup,,,,,MARC Country Codes,,,,,,,,,,,,,,,,,
,,,,,,,,,,,,,,,,,FAST geographic,,,,,,,,,,,,,,,,,
,,,,bflc:simplePlace,Place of Production,,FALSE,TRUE,,,http://original.rdatoolkit.org/rdachp2_rda2-6120.html,literal,,,,,,,,,,,,,,,,,,,,,,
,,,,bflc:simpleAgent,Producer's name,,FALSE,TRUE,,"If a specific statement of function (RDA 2.7.4.4) or a linkable value is wanted, also add a bf:Contribution in the instance template",http://original.rdatoolkit.org/rdachp2_rda2-6221.html,literal,,,,,,,,,,,,,,,,,,,,,,
,,,,bflc:simpleDate,Date of Production,,FALSE,TRUE,,,,literal,,,,,,,,,,,,,,,,,,,,,,
,,,,bf:note,Note,,FALSE,TRUE,,,,nested resource,,,,,,pcc:bf2:Note:GeneralNote,,,,,,,,,,,,,,,,
,,,,bflc:appliesTo,Coverage,,FALSE,TRUE,,Use only with serials,,nested resource,,,,,,pcc:bflc:Serial:AppliesTo,,,,,,,,,,,,,,,,
Provision activity--Publication Information (Monograph),pcc:bflc:ProvisionActivity:Publication,bf:Publication,,,,,,,,,,,N,,,,,,,,,,,,,,,,,,,,,
,,,,bf:date,Year of Publication,Y,TRUE,FALSE,,Enter a date in Extended Date Time Format (EDTF),,literal,,EDTF,,,,,,,,,,,,,,,,,,,,
,,,,bf:place,Country of Publication,,TRUE,TRUE,,Country code is required if converting to MARC. Provide only 1 code; it will populate the 008 place of publication field. Add the FAST code if a linkable place name is wanted.,,lookup,,,,,MARC Country Codes,,only the country code is required and only if converting to MARC,,,,,,,,,,,,,,,
,,,,,,,,,,,,,,,,,FAST geographic,,,,,,,,,,,,,,,,,
,,,,bflc:simplePlace,Place of Publication,,TRUE,TRUE,,Core RDA element,http://original.rdatoolkit.org/rdachp2_rda2-6453.html,literal,,,,,,,,,,,,,,,,,,,,,,
,,,,bflc:simpleAgent,Publisher's name,,TRUE,TRUE,,"Core RDA element. If a linkable value is wanted for the publisher's name and role, also add a bf:Contribution in the instance template.",http://original.rdatoolkit.org/rdachp2_rda2-6453.html,literal,,,,,,,,,,,,,,,,,,,,,,
,,,,bflc:simpleDate,Date of Publication,,TRUE,FALSE,,Core RDA element,http://original.rdatoolkit.org/rdachp2_rda2-6792.html,literal,,,,,,,,,,,,,,,,,,,,,,
,,,,bf:note,Note on Publication Statement,,FALSE,TRUE,,,http://original.rdatoolkit.org/rdachp2_rda2-9101.html,nested resource,,,,,,pcc:bf2:Note:GeneralNote,,,,,,,,,,,,,,,,
Related Expression (General),pcc:bflc:RelatedExpression,bflc:Relationship,,,,,,,,,,,N,,,,,,,,,,,,,,,,,,,,,
,,,,bf:relatedTo,Search related expressions,,FALSE,TRUE,,,,lookup,,,,,Sinopia BIBFRAME work resources,,,,,,,,,,,,,,,,,
,,,,,,,,,,,,,,,,,LOC all names,,,,,,,,,,,,,,,,,
,,,,bflc:relation,Relationship Designator,,FALSE,TRUE,,,,nested resource,,,,,,pcc:bflc:Relation,,,,,,,,,,,,,,,,
,,,,bf:note,Description of Related Expression,,FALSE,TRUE,,,,nested resource,,,,,,pcc:bf2:Note:GeneralNote,,,,,,,,,,,,,,,,
Related Manifestation (Instance),pcc:bflc:RelatedManifestation,bflc:Relationship,,,,,,,,,,,N,,,,,,,,,,,,,,,,,,,,,
,,,,bf:relatedTo,Related manifestation (instance),,FALSE,TRUE,,,http://access.rdatoolkit.org/27.1.html,lookup,,,,,Sinopia BIBFRAME instance resources,,,,,,,,,,,,,,,,,
,,,,bf:hasEquivalent,Also issued in another format as / Reprinted as (manifestation) / Reprint of (manifestation),,FALSE,TRUE,,,http://access.rdatoolkit.org/J.4.2.html,literal,,,,,,,,,,,,,,,,,,,,,,
,,,,bf:accompaniedBy,Accompanied by (manifestation),,FALSE,TRUE,,,http://access.rdatoolkit.org/J.4.5.html,literal,,,,,,,,,,,,,,,,,,,,,,
,,,,bflc:relation,Relationship designator,,FALSE,TRUE,,,,nested resource,,,,,,pcc:bflc:Relation,,,,,,,,,,,,,,,,
,,,,bf:note,Description of manifestation,,FALSE,TRUE,,,,nested resource,,,,,,pcc:bf2:Note:GeneralNote,,,,,,,,,,,,,,,,
Related Work (General),pcc:bflc:RelatedWork,bflc:Relationship,,,,,,,,,,,N,,,,,,,,,,,,,,,,,,,,,
,,,,bf:relatedTo,Related work,,FALSE,TRUE,,,,lookup,,,,,"Sinopia BIBFRAME work resources
",,,,,,,,,,,,,,,,,
,,,,,,,,,,,,,,,,,LOC all names,,,,,,,,,,,,,,,,,
,,,,bflc:relation,Relationship Designator,,FALSE,TRUE,,,,nested resource,,,,,,pcc:bflc:Relation,,,,,,,,,,,,,,,,
,,,,bf:note,Note about Related Work,,FALSE,TRUE,,,,nested resource,,,,,,pcc:bf2:Note:GeneralNote,,,,,,,,,,,,,,,,
Relationship Designator,pcc:bflc:Relation,bflc:Relation,,,,,,,,,,,N,,,,,,,,,,,,,,,,,,,,,
,,,,rdfs:label,Input relationship designator,,FALSE,TRUE,,,http://access.rdatoolkit.org/rdaappj_rdaj-16.html,literal,,,,,,,,,,,,,,,,,,,,,,
Retention Policy,pcc:bf2:Item:Retention,bf:RetentionPolicy,,,,,,,,,,,N,,,,,,,,,,,,,,,,,,,,,
,,,,rdfs:label,Retention Policy,,FALSE,TRUE,,,,literal,,,,,,,,,,,,,,,,,,,,,,
Role,pcc:bf2:Role,bf:Role,,,,,,,,,,,Y,,,,,,,,,,,,,,,,,,,,,
,,,,rdfs:label,MARC relator term,,FALSE,TRUE,,,,lookup,,,,,MARC relator terms,,,,,,,,,,,,,,,,,
Script,pcc:bf2:Script,bf:Script,,,,,,,,,,,Y,,,,,,,,,,,,,,,,,,,,,
,,,,rdfs:label,Script,,,,,,,,,,,,,,,,,,,,,,,,,,,,,
Serial changes coverage,pcc:bflc:Serial:AppliesTo,bflc:AppliesTo,,,,,,,,Coverage info for minor serial changes,,,N,,,,,,,,,,,,,,,,,,,,,
,,,,bf:firstIssue,Alphanumeric Designation and/or Date of First Issue of Change,,FALSE,TRUE,,Volume/issue designation and/or date of the first issue for the data change,,literal,,,,,,,,,,,,,,,,,,,,,,
,,,,bf:lastIssue,Alphanumeric Designation and/or Date of Last Issue of Change,,FALSE,TRUE,,Volume/issue designation and/or date of the last issue for the data change,,literal,,,,,,,,,,,,,,,,,,,,,,
,,,,,Coverage note,,FALSE,TRUE,,Use when the volume/issue or date of the start or end of a minor change is uncertain or unknown,,nested resource,,,,,,pcc:bf2:Note:GeneralNote,,,,,,,,,,,,,,,,
,,,,bf:note,,,,,,,,,,,,,,,,,,,,,,,,,,,,,,
Status,pcc:bf2:Status,bf:Status,,Canceled/Invalid?,,,,,,,,,N,,,,,,,,,,,,,,,,,,,,,
,,,,,Canceled/Invalid?,,FALSE,TRUE,,,,nested resource,,,,,,pcc:bf2:Status,,,,,,,,,,,,,,,,
Title--Instance Title,pcc:bf2:Title:InstanceTitle,bf:Title,,,,,,,,,,,N,,,,,,,,,,,,,,,,,,,,,
,,,,bf:mainTitle,Main Title,,FALSE,FALSE,,SINOPIA GUIDANCE: Equivalent to MARC 245 $a,http://original.rdatoolkit.org/rdachp2_rda2-3375.html,literal,,,,,,,,,,,,,,,,,,,,,,
,,,,sinopia:nonfiling,Number of non-filing characters,,TRUE,FALSE,,Add the number of non-filing characters at the start of the title proper. Equivalent to the MARC 245 second indicator.,,literal,,Integer,,,,,,,,,,,,,,,,,,,,
,,,,bf:subtitle,Other Title Information,,FALSE,TRUE,,SINOPIA GUIDANCE: Equivalent to MARC 245 $b. Exception: Put parallel titles proper in the Parallel title field,http://access.rdatoolkit.org/rdachp2_rda2-3781.html,literal,,,,,,,,,,,,,,,,,,,,,,
,,,,bf:partNumber,Part number/letter,,FALSE,TRUE,,SINOPIA GUIDANCE: Equivalent to MARC 245 $n.  Exception: Put part numbers in the Parallel number/letter of part field,http://original.rdatoolkit.org/rdachp2_rda2-10141.html,literal,,,,,,,,,,,,,,,,,,,,,,
,,,,bf:partName,Part title,,FALSE,TRUE,,SINOPIA GUIDANCE: Equivalent to MARC 245 $p.  Exception: Put parallel titles proper in the Parallel title of part field,http://original.rdatoolkit.org/rdachp2_rda2-10141.html,literal,,,,,,,,,,,,,,,,,,,,,,
,,,,bf:note,Note,,FALSE,TRUE,,SINOPIA GUIDANCE: Add here any necessary notes about this specific title group.,http://access.rdatoolkit.org/2.17.2.html ,nested resource,,,,,,pcc:bf2:Note:GeneralNote,,,,,,,,,,,,,,,,
Title--Parallel Title,pcc:bf2:Title:ParallelTitle,bf:ParallelTitle,,,,,,,,,,,N,,,,,,,,,,,,,,,,,,,,,
,,,,bf:mainTitle,Parallel Title Proper,,FALSE,FALSE,,"SINOPIA GUIDANCE: Equivalent to the MARC 245 $b when it is preceded by an equal sign (e.g., 245 $a Equality = $b Egalit‚). For multiple parallel titles, add a new field.",http://original.rdatoolkit.org/rdachp2_rda2-3694.html ,literal,,,,,,,,,,,,,,,,,,,,,,
,,,,bf:subtitle,Parallel Other Title Information,,FALSE,TRUE,,SINOPIA GUIDANCE: Add any Other Title Information in the same language as the Parallel Title,http://original.rdatoolkit.org/rdachp2_rda2-3938.html,literal,,,,,,,,,,,,,,,,,,,,,,
,,,,bf:partNumber,Parallel Part Number/Letter,,FALSE,TRUE,,SINOPIA GUIDANCE: Add any Part Number/Letter associated with the Parallel Title,http://original.rdatoolkit.org/rdachp2_rda2-10141.html,literal,,,,,,,,,,,,,,,,,,,,,,
,,,,bf:partName,Parallel Part Title,,FALSE,TRUE,,SINOPIA GUIDANCE: Add any Part Title in the same language as the Parallel Title,http://original.rdatoolkit.org/rdachp2_rda2-10141.html,literal,,,,,,,,,,,,,,,,,,,,,,
,,,,bf:note,Note on Parallel Title,,FALSE,TRUE,,SINOPIA GUIDANCE: Add here any necessary notes about this specific title group.,http://access.rdatoolkit.org/2.17.2.html,nested resource,,,,,,pcc:bf2:Note:GeneralNote,,,,,,,,,,,,,,,,
Title--Transliterated Title,pcc:bflc:Title:TransliteratedTitle,bflc:TransliteratedTitle,,,,,,,,,,,N,,,,,,,,,,,,,,,,,,,,,
,,,,bf:mainTitle,Transliteration of Title Proper,,FALSE,FALSE,,,http://original.rdatoolkit.org/rdachp2_rda2-4091.html ,literal,,,,,,,,,,,,,,,,,,,,,,
,,,,bf:subtitle,Transliteration of Other Title Information,,FALSE,TRUE,,,,literal,,,,,,,,,,,,,,,,,,,,,,
,,,,bf:partNumber,Transliteration of Part Number/Letter,,FALSE,TRUE,,,,literal,,,,,,,,,,,,,,,,,,,,,,
,,,,bf:partName,Transliteration of Part Title,,FALSE,TRUE,,,,literal,,,,,,,,,,,,,,,,,,,,,,
,,,,bf:note,Note on Transliterated Title,,FALSE,TRUE,,,https://original.rdatoolkit.org/2.17.2.html,nested resource,,,,,,pcc:bf2:Note:GeneralNote,,,,,,,,,,,,,,,,
Title--Variant Title (Monograph),pcc:bf2:Title:VariantTitle,bf:VariantTitle,,,,,,,,,,,N,,,,,,,,,,,,,,,,,,,,,
,,,,bf:mainTitle,Variant Title,,FALSE,FALSE,,,http://original.rdatoolkit.org/rdachp2_rda2-4004.html,literal,,,,,,,,,,,,,,,,,,,,,,
,,,,bf:partNumber,Variant part number/letter,,FALSE,TRUE,,,https://original.rdatoolkit.org/rdachp2_rda2-10141.html,literal,,,,,,,,,,,,,,,,,,,,,,
,,,,bf:partName,Variant Title of Part,,FALSE,TRUE,,,https://original.rdatoolkit.org/rdachp2_rda2-10141.html,literal,,,,,,,,,,,,,,,,,,,,,,
,,,,bf:variantType,Variant title type,,FALSE,FALSE,,"E.g., Cover title; Caption title; Spine title",,literal,,,,,,,,,,,,,,,,,,,,,,
,,,,bf:note,Note on Variant Title of Work,,FALSE,TRUE,,SINOPIA GUIDANCE: Add here any necessary notes on this specific title group,https://original.rdatoolkit.org/2.17.2.html,nested resource,,,,,,pcc:bf2:Note:GeneralNote,,,,,,,,,,,,,,,,
Title--Work Title,pcc:bf2:Title:WorkTitle,bf:Title,,,,,,,,,,,N,,,,,,,,,,,,,,,,,,,,,
,,,,bf:mainTitle,Preferred Title for Work,,TRUE,FALSE,,"BIBFRAME GUIDANCE: There is no preferred title at the expression level in Original RDA. Use the preferred title for work. For translations, use [Original title. Language of translation]",http://access.rdatoolkit.org/6.2.2.8.html ,literal,,,,,,,,,,,,,,,,,,,,,,
,,,,bf:partNumber,Preferred Part Number/Letter,,FALSE,TRUE,,,http://access.rdatoolkit.org/6.2.2.9.html,literal,,,,,,,,,,,,,,,,,,,,,,
,,,,bf:partName,Preferred Title for Part,,FALSE,TRUE,,,http://access.rdatoolkit.org/6.2.2.9.html,literal,,,,,,,,,,,,,,,,,,,,,,
,,,,bf:note,Note about the Preferred Title of the Work,,FALSE,FALSE,,,,nested resource,,,,,,pcc:bf2:Note:GeneralNote,,,,,,,,,,,,,,,,
Title--Work Title Variation,pcc:bf2:Title:WorkVariantTitle,bf:VariantTitle,,,,,,,,,,,N,,,,,,,,,,,,,,,,,,,,,
,,,,bf:mainTitle,Variant Title for Work,,FALSE,FALSE,,,http://access.rdatoolkit.org/rdachp6_rda6-2658.html,literal,,,,,,,,,,,,,,,,,,,,,,
,,,,bf:partNumber,Variant Number/Letter of Part,,FALSE,FALSE,,,,literal,,,,,,,,,,,,,,,,,,,,,,
,,,,bf:partName,Variant Title for Part,,FALSE,FALSE,,,,literal,,,,,,,,,,,,,,,,,,,,,,
,,,,bf:note,Note,,FALSE,FALSE,,,,nested resource,,,,,,pcc:bf2:Note:GeneralNote,,,,,,,,,,,,,,,,
Use or Reproduction Policy,pcc:bf2:Item:UseOrReproduction,bf:UsePolicy,,,,,,,,,,,N,,,,,,,,,,,,,,,,,,,,,
,,,,rdfs:label,Use or Reproduction Policy,,FALSE,TRUE,,,,literal,,,,,,,,,,,,,,,,,,,,,,
,,,,,,,,,,,,,,,,,,,,,,,,,,,,,,,,,,
,,,,,,,,,,,,,,,,,,,,,,,,,,,,,,,,,,
,,,,,,,,,,,,,,,,,,,,,,,,,,,,,,,,,,
,,,,,,,,,,,,,,,,,,,,,,,,,,,,,,,,,,
,,,,,,,,,,,,,,,,,,,,,,,,,,,,,,,,,,
,,,,,,,,,,,,,,,,,,,,,,,,,,,,,,,,,,
,,,,,,,,,,,,,,,,,,,,,,,,,,,,,,,,,,
,,,,,,,,,,,,,,,,,,,,,,,,,,,,,,,,,,
,,,,,,,,,,,,,,,,,,,,,,,,,,,,,,,,,,
,,,,,,,,,,,,,,,,,,,,,,,,,,,,,,,,,,
,,,,,,,,,,,,,,,,,,,,,,,,,,,,,,,,,,
,,,,,,,,,,,,,,,,,,,,,,,,,,,,,,,,,,
,,,,,,,,,,,,,,,,,,,,,,,,,,,,,,,,,,
,,,,,,,,,,,,,,,,,,,,,,,,,,,,,,,,,,
,,,,,,,,,,,,,,,,,,,,,,,,,,,,,,,,,,
,,,,,,,,,,,,,,,,,,,,,,,,,,,,,,,,,,
,,,,,,,,,,,,,,,,,,,,,,,,,,,,,,,,,,
,,,,,,,,,,,,,,,,,,,,,,,,,,,,,,,,,,
,,,,,,,,,,,,,,,,,,,,,,,,,,,,,,,,,,
,,,,,,,,,,,,,,,,,,,,,,,,,,,,,,,,,,
,,,,,,,,,,,,,,,,,,,,,,,,,,,,,,,,,,
,,,,,,,,,,,,,,,,,,,,,,,,,,,,,,,,,,
,,,,,,,,,,,,,,,,,,,,,,,,,,,,,,,,,,
,,,,,,,,,,,,,,,,,,,,,,,,,,,,,,,,,,
,,,,,,,,,,,,,,,,,,,,,,,,,,,,,,,,,,
,,,,,,,,,,,,,,,,,,,,,,,,,,,,,,,,,,
,,,,,,,,,,,,,,,,,,,,,,,,,,,,,,,,,,
,,,,,,,,,,,,,,,,,,,,,,,,,,,,,,,,,,
,,,,,,,,,,,,,,,,,,,,,,,,,,,,,,,,,,
,,,,,,,,,,,,,,,,,,,,,,,,,,,,,,,,,,
,,,,,,,,,,,,,,,,,,,,,,,,,,,,,,,,,,
,,,,,,,,,,,,,,,,,,,,,,,,,,,,,,,,,,
,,,,,,,,,,,,,,,,,,,,,,,,,,,,,,,,,,
,,,,,,,,,,,,,,,,,,,,,,,,,,,,,,,,,,
,,,,,,,,,,,,,,,,,,,,,,,,,,,,,,,,,,
,,,,,,,,,,,,,,,,,,,,,,,,,,,,,,,,,,
,,,,,,,,,,,,,,,,,,,,,,,,,,,,,,,,,,
,,,,,,,,,,,,,,,,,,,,,,,,,,,,,,,,,,
,,,,,,,,,,,,,,,,,,,,,,,,,,,,,,,,,,
,,,,,,,,,,,,,,,,,,,,,,,,,,,,,,,,,,
,,,,,,,,,,,,,,,,,,,,,,,,,,,,,,,,,,
,,,,,,,,,,,,,,,,,,,,,,,,,,,,,,,,,,
,,,,,,,,,,,,,,,,,,,,,,,,,,,,,,,,,,
,,,,,,,,,,,,,,,,,,,,,,,,,,,,,,,,,,
,,,,,,,,,,,,,,,,,,,,,,,,,,,,,,,,,,
,,,,,,,,,,,,,,,,,,,,,,,,,,,,,,,,,,
,,,,,,,,,,,,,,,,,,,,,,,,,,,,,,,,,,
,,,,,,,,,,,,,,,,,,,,,,,,,,,,,,,,,,
,,,,,,,,,,,,,,,,,,,,,,,,,,,,,,,,,,
,,,,,,,,,,,,,,,,,,,,,,,,,,,,,,,,,,
,,,,,,,,,,,,,,,,,,,,,,,,,,,,,,,,,,
,,,,,,,,,,,,,,,,,,,,,,,,,,,,,,,,,,
,,,,,,,,,,,,,,,,,,,,,,,,,,,,,,,,,,
,,,,,,,,,,,,,,,,,,,,,,,,,,,,,,,,,,
,,,,,,,,,,,,,,,,,,,,,,,,,,,,,,,,,,
,,,,,,,,,,,,,,,,,,,,,,,,,,,,,,,,,,
,,,,,,,,,,,,,,,,,,,,,,,,,,,,,,,,,,
,,,,,,,,,,,,,,,,,,,,,,,,,,,,,,,,,,
,,,,,,,,,,,,,,,,,,,,,,,,,,,,,,,,,,
,,,,,,,,,,,,,,,,,,,,,,,,,,,,,,,,,,
,,,,,,,,,,,,,,,,,,,,,,,,,,,,,,,,,,
,,,,,,,,,,,,,,,,,,,,,,,,,,,,,,,,,,
,,,,,,,,,,,,,,,,,,,,,,,,,,,,,,,,,,
,,,,,,,,,,,,,,,,,,,,,,,,,,,,,,,,,,
,,,,,,,,,,,,,,,,,,,,,,,,,,,,,,,,,,
,,,,,,,,,,,,,,,,,,,,,,,,,,,,,,,,,,
,,,,,,,,,,,,,,,,,,,,,,,,,,,,,,,,,,
,,,,,,,,,,,,,,,,,,,,,,,,,,,,,,,,,,
,,,,,,,,,,,,,,,,,,,,,,,,,,,,,,,,,,
,,,,,,,,,,,,,,,,,,,,,,,,,,,,,,,,,,
,,,,,,,,,,,,,,,,,,,,,,,,,,,,,,,,,,
,,,,,,,,,,,,,,,,,,,,,,,,,,,,,,,,,,
,,,,,,,,,,,,,,,,,,,,,,,,,,,,,,,,,,
,,,,,,,,,,,,,,,,,,,,,,,,,,,,,,,,,,
,,,,,,,,,,,,,,,,,,,,,,,,,,,,,,,,,,
,,,,,,,,,,,,,,,,,,,,,,,,,,,,,,,,,,
,,,,,,,,,,,,,,,,,,,,,,,,,,,,,,,,,,
,,,,,,,,,,,,,,,,,,,,,,,,,,,,,,,,,,
,,,,,,,,,,,,,,,,,,,,,,,,,,,,,,,,,,
,,,,,,,,,,,,,,,,,,,,,,,,,,,,,,,,,,
,,,,,,,,,,,,,,,,,,,,,,,,,,,,,,,,,,
,,,,,,,,,,,,,,,,,,,,,,,,,,,,,,,,,,
,,,,,,,,,,,,,,,,,,,,,,,,,,,,,,,,,,
,,,,,,,,,,,,,,,,,,,,,,,,,,,,,,,,,,
,,,,,,,,,,,,,,,,,,,,,,,,,,,,,,,,,,
,,,,,,,,,,,,,,,,,,,,,,,,,,,,,,,,,,
,,,,,,,,,,,,,,,,,,,,,,,,,,,,,,,,,,
,,,,,,,,,,,,,,,,,,,,,,,,,,,,,,,,,,
,,,,,,,,,,,,,,,,,,,,,,,,,,,,,,,,,,
,,,,,,,,,,,,,,,,,,,,,,,,,,,,,,,,,,
,,,,,,,,,,,,,,,,,,,,,,,,,,,,,,,,,,
,,,,,,,,,,,,,,,,,,,,,,,,,,,,,,,,,,
,,,,,,,,,,,,,,,,,,,,,,,,,,,,,,,,,,
,,,,,,,,,,,,,,,,,,,,,,,,,,,,,,,,,,
,,,,,,,,,,,,,,,,,,,,,,,,,,,,,,,,,,
,,,,,,,,,,,,,,,,,,,,,,,,,,,,,,,,,,
,,,,,,,,,,,,,,,,,,,,,,,,,,,,,,,,,,
,,,,,,,,,,,,,,,,,,,,,,,,,,,,,,,,,,
,,,,,,,,,,,,,,,,,,,,,,,,,,,,,,,,,,
,,,,,,,,,,,,,,,,,,,,,,,,,,,,,,,,,,
,,,,,,,,,,,,,,,,,,,,,,,,,,,,,,,,,,
,,,,,,,,,,,,,,,,,,,,,,,,,,,,,,,,,,
,,,,,,,,,,,,,,,,,,,,,,,,,,,,,,,,,,
,,,,,,,,,,,,,,,,,,,,,,,,,,,,,,,,,,
,,,,,,,,,,,,,,,,,,,,,,,,,,,,,,,,,,
,,,,,,,,,,,,,,,,,,,,,,,,,,,,,,,,,,
,,,,,,,,,,,,,,,,,,,,,,,,,,,,,,,,,,
,,,,,,,,,,,,,,,,,,,,,,,,,,,,,,,,,,
,,,,,,,,,,,,,,,,,,,,,,,,,,,,,,,,,,
,,,,,,,,,,,,,,,,,,,,,,,,,,,,,,,,,,
,,,,,,,,,,,,,,,,,,,,,,,,,,,,,,,,,,
,,,,,,,,,,,,,,,,,,,,,,,,,,,,,,,,,,
,,,,,,,,,,,,,,,,,,,,,,,,,,,,,,,,,,
,,,,,,,,,,,,,,,,,,,,,,,,,,,,,,,,,,
,,,,,,,,,,,,,,,,,,,,,,,,,,,,,,,,,,
,,,,,,,,,,,,,,,,,,,,,,,,,,,,,,,,,,
,,,,,,,,,,,,,,,,,,,,,,,,,,,,,,,,,,
,,,,,,,,,,,,,,,,,,,,,,,,,,,,,,,,,,
,,,,,,,,,,,,,,,,,,,,,,,,,,,,,,,,,,
,,,,,,,,,,,,,,,,,,,,,,,,,,,,,,,,,,
,,,,,,,,,,,,,,,,,,,,,,,,,,,,,,,,,,
,,,,,,,,,,,,,,,,,,,,,,,,,,,,,,,,,,
,,,,,,,,,,,,,,,,,,,,,,,,,,,,,,,,,,
,,,,,,,,,,,,,,,,,,,,,,,,,,,,,,,,,,
,,,,,,,,,,,,,,,,,,,,,,,,,,,,,,,,,,
,,,,,,,,,,,,,,,,,,,,,,,,,,,,,,,,,,
,,,,,,,,,,,,,,,,,,,,,,,,,,,,,,,,,,
,,,,,,,,,,,,,,,,,,,,,,,,,,,,,,,,,,
,,,,,,,,,,,,,,,,,,,,,,,,,,,,,,,,,,
,,,,,,,,,,,,,,,,,,,,,,,,,,,,,,,,,,
,,,,,,,,,,,,,,,,,,,,,,,,,,,,,,,,,,
,,,,,,,,,,,,,,,,,,,,,,,,,,,,,,,,,,
,,,,,,,,,,,,,,,,,,,,,,,,,,,,,,,,,,
,,,,,,,,,,,,,,,,,,,,,,,,,,,,,,,,,,
,,,,,,,,,,,,,,,,,,,,,,,,,,,,,,,,,,
,,,,,,,,,,,,,,,,,,,,,,,,,,,,,,,,,,
,,,,,,,,,,,,,,,,,,,,,,,,,,,,,,,,,,
,,,,,,,,,,,,,,,,,,,,,,,,,,,,,,,,,,
,,,,,,,,,,,,,,,,,,,,,,,,,,,,,,,,,,
,,,,,,,,,,,,,,,,,,,,,,,,,,,,,,,,,,
,,,,,,,,,,,,,,,,,,,,,,,,,,,,,,,,,,
,,,,,,,,,,,,,,,,,,,,,,,,,,,,,,,,,,
,,,,,,,,,,,,,,,,,,,,,,,,,,,,,,,,,,
,,,,,,,,,,,,,,,,,,,,,,,,,,,,,,,,,,
,,,,,,,,,,,,,,,,,,,,,,,,,,,,,,,,,,
,,,,,,,,,,,,,,,,,,,,,,,,,,,,,,,,,,
,,,,,,,,,,,,,,,,,,,,,,,,,,,,,,,,,,
,,,,,,,,,,,,,,,,,,,,,,,,,,,,,,,,,,
,,,,,,,,,,,,,,,,,,,,,,,,,,,,,,,,,,
,,,,,,,,,,,,,,,,,,,,,,,,,,,,,,,,,,
,,,,,,,,,,,,,,,,,,,,,,,,,,,,,,,,,,
,,,,,,,,,,,,,,,,,,,,,,,,,,,,,,,,,,
,,,,,,,,,,,,,,,,,,,,,,,,,,,,,,,,,,
,,,,,,,,,,,,,,,,,,,,,,,,,,,,,,,,,,
,,,,,,,,,,,,,,,,,,,,,,,,,,,,,,,,,,
,,,,,,,,,,,,,,,,,,,,,,,,,,,,,,,,,,
,,,,,,,,,,,,,,,,,,,,,,,,,,,,,,,,,,
,,,,,,,,,,,,,,,,,,,,,,,,,,,,,,,,,,
,,,,,,,,,,,,,,,,,,,,,,,,,,,,,,,,,,
,,,,,,,,,,,,,,,,,,,,,,,,,,,,,,,,,,
,,,,,,,,,,,,,,,,,,,,,,,,,,,,,,,,,,
,,,,,,,,,,,,,,,,,,,,,,,,,,,,,,,,,,
,,,,,,,,,,,,,,,,,,,,,,,,,,,,,,,,,,
,,,,,,,,,,,,,,,,,,,,,,,,,,,,,,,,,,
,,,,,,,,,,,,,,,,,,,,,,,,,,,,,,,,,,
,,,,,,,,,,,,,,,,,,,,,,,,,,,,,,,,,,
,,,,,,,,,,,,,,,,,,,,,,,,,,,,,,,,,,
,,,,,,,,,,,,,,,,,,,,,,,,,,,,,,,,,,
,,,,,,,,,,,,,,,,,,,,,,,,,,,,,,,,,,
,,,,,,,,,,,,,,,,,,,,,,,,,,,,,,,,,,
,,,,,,,,,,,,,,,,,,,,,,,,,,,,,,,,,,
,,,,,,,,,,,,,,,,,,,,,,,,,,,,,,,,,,
,,,,,,,,,,,,,,,,,,,,,,,,,,,,,,,,,,
,,,,,,,,,,,,,,,,,,,,,,,,,,,,,,,,,,
,,,,,,,,,,,,,,,,,,,,,,,,,,,,,,,,,,
,,,,,,,,,,,,,,,,,,,,,,,,,,,,,,,,,,
,,,,,,,,,,,,,,,,,,,,,,,,,,,,,,,,,,
,,,,,,,,,,,,,,,,,,,,,,,,,,,,,,,,,,
,,,,,,,,,,,,,,,,,,,,,,,,,,,,,,,,,,
,,,,,,,,,,,,,,,,,,,,,,,,,,,,,,,,,,
,,,,,,,,,,,,,,,,,,,,,,,,,,,,,,,,,,
,,,,,,,,,,,,,,,,,,,,,,,,,,,,,,,,,,
,,,,,,,,,,,,,,,,,,,,,,,,,,,,,,,,,,
,,,,,,,,,,,,,,,,,,,,,,,,,,,,,,,,,,
,,,,,,,,,,,,,,,,,,,,,,,,,,,,,,,,,,
,,,,,,,,,,,,,,,,,,,,,,,,,,,,,,,,,,
,,,,,,,,,,,,,,,,,,,,,,,,,,,,,,,,,,
,,,,,,,,,,,,,,,,,,,,,,,,,,,,,,,,,,
,,,,,,,,,,,,,,,,,,,,,,,,,,,,,,,,,,
,,,,,,,,,,,,,,,,,,,,,,,,,,,,,,,,,,
,,,,,,,,,,,,,,,,,,,,,,,,,,,,,,,,,,
,,,,,,,,,,,,,,,,,,,,,,,,,,,,,,,,,,
,,,,,,,,,,,,,,,,,,,,,,,,,,,,,,,,,,
,,,,,,,,,,,,,,,,,,,,,,,,,,,,,,,,,,
,,,,,,,,,,,,,,,,,,,,,,,,,,,,,,,,,,
,,,,,,,,,,,,,,,,,,,,,,,,,,,,,,,,,,
,,,,,,,,,,,,,,,,,,,,,,,,,,,,,,,,,,
,,,,,,,,,,,,,,,,,,,,,,,,,,,,,,,,,,
,,,,,,,,,,,,,,,,,,,,,,,,,,,,,,,,,,
,,,,,,,,,,,,,,,,,,,,,,,,,,,,,,,,,,
,,,,,,,,,,,,,,,,,,,,,,,,,,,,,,,,,,
,,,,,,,,,,,,,,,,,,,,,,,,,,,,,,,,,,
,,,,,,,,,,,,,,,,,,,,,,,,,,,,,,,,,,
,,,,,,,,,,,,,,,,,,,,,,,,,,,,,,,,,,
,,,,,,,,,,,,,,,,,,,,,,,,,,,,,,,,,,
,,,,,,,,,,,,,,,,,,,,,,,,,,,,,,,,,,
,,,,,,,,,,,,,,,,,,,,,,,,,,,,,,,,,,
,,,,,,,,,,,,,,,,,,,,,,,,,,,,,,,,,,
,,,,,,,,,,,,,,,,,,,,,,,,,,,,,,,,,,
,,,,,,,,,,,,,,,,,,,,,,,,,,,,,,,,,,
,,,,,,,,,,,,,,,,,,,,,,,,,,,,,,,,,,
,,,,,,,,,,,,,,,,,,,,,,,,,,,,,,,,,,
,,,,,,,,,,,,,,,,,,,,,,,,,,,,,,,,,,
,,,,,,,,,,,,,,,,,,,,,,,,,,,,,,,,,,
,,,,,,,,,,,,,,,,,,,,,,,,,,,,,,,,,,
,,,,,,,,,,,,,,,,,,,,,,,,,,,,,,,,,,
,,,,,,,,,,,,,,,,,,,,,,,,,,,,,,,,,,
,,,,,,,,,,,,,,,,,,,,,,,,,,,,,,,,,,
,,,,,,,,,,,,,,,,,,,,,,,,,,,,,,,,,,
,,,,,,,,,,,,,,,,,,,,,,,,,,,,,,,,,,
,,,,,,,,,,,,,,,,,,,,,,,,,,,,,,,,,,
,,,,,,,,,,,,,,,,,,,,,,,,,,,,,,,,,,
,,,,,,,,,,,,,,,,,,,,,,,,,,,,,,,,,,
,,,,,,,,,,,,,,,,,,,,,,,,,,,,,,,,,,
,,,,,,,,,,,,,,,,,,,,,,,,,,,,,,,,,,
,,,,,,,,,,,,,,,,,,,,,,,,,,,,,,,,,,
,,,,,,,,,,,,,,,,,,,,,,,,,,,,,,,,,,
,,,,,,,,,,,,,,,,,,,,,,,,,,,,,,,,,,
,,,,,,,,,,,,,,,,,,,,,,,,,,,,,,,,,,
,,,,,,,,,,,,,,,,,,,,,,,,,,,,,,,,,,
,,,,,,,,,,,,,,,,,,,,,,,,,,,,,,,,,,
,,,,,,,,,,,,,,,,,,,,,,,,,,,,,,,,,,
,,,,,,,,,,,,,,,,,,,,,,,,,,,,,,,,,,
,,,,,,,,,,,,,,,,,,,,,,,,,,,,,,,,,,
,,,,,,,,,,,,,,,,,,,,,,,,,,,,,,,,,,
,,,,,,,,,,,,,,,,,,,,,,,,,,,,,,,,,,
,,,,,,,,,,,,,,,,,,,,,,,,,,,,,,,,,,
,,,,,,,,,,,,,,,,,,,,,,,,,,,,,,,,,,
,,,,,,,,,,,,,,,,,,,,,,,,,,,,,,,,,,
,,,,,,,,,,,,,,,,,,,,,,,,,,,,,,,,,,
,,,,,,,,,,,,,,,,,,,,,,,,,,,,,,,,,,
,,,,,,,,,,,,,,,,,,,,,,,,,,,,,,,,,,
,,,,,,,,,,,,,,,,,,,,,,,,,,,,,,,,,,
,,,,,,,,,,,,,,,,,,,,,,,,,,,,,,,,,,
,,,,,,,,,,,,,,,,,,,,,,,,,,,,,,,,,,
,,,,,,,,,,,,,,,,,,,,,,,,,,,,,,,,,,
,,,,,,,,,,,,,,,,,,,,,,,,,,,,,,,,,,
,,,,,,,,,,,,,,,,,,,,,,,,,,,,,,,,,,
,,,,,,,,,,,,,,,,,,,,,,,,,,,,,,,,,,
,,,,,,,,,,,,,,,,,,,,,,,,,,,,,,,,,,
,,,,,,,,,,,,,,,,,,,,,,,,,,,,,,,,,,
,,,,,,,,,,,,,,,,,,,,,,,,,,,,,,,,,,
,,,,,,,,,,,,,,,,,,,,,,,,,,,,,,,,,,
,,,,,,,,,,,,,,,,,,,,,,,,,,,,,,,,,,
,,,,,,,,,,,,,,,,,,,,,,,,,,,,,,,,,,
,,,,,,,,,,,,,,,,,,,,,,,,,,,,,,,,,,
,,,,,,,,,,,,,,,,,,,,,,,,,,,,,,,,,,
,,,,,,,,,,,,,,,,,,,,,,,,,,,,,,,,,,
,,,,,,,,,,,,,,,,,,,,,,,,,,,,,,,,,,
,,,,,,,,,,,,,,,,,,,,,,,,,,,,,,,,,,
,,,,,,,,,,,,,,,,,,,,,,,,,,,,,,,,,,
,,,,,,,,,,,,,,,,,,,,,,,,,,,,,,,,,,
,,,,,,,,,,,,,,,,,,,,,,,,,,,,,,,,,,
,,,,,,,,,,,,,,,,,,,,,,,,,,,,,,,,,,
,,,,,,,,,,,,,,,,,,,,,,,,,,,,,,,,,,
,,,,,,,,,,,,,,,,,,,,,,,,,,,,,,,,,,
,,,,,,,,,,,,,,,,,,,,,,,,,,,,,,,,,,
,,,,,,,,,,,,,,,,,,,,,,,,,,,,,,,,,,
,,,,,,,,,,,,,,,,,,,,,,,,,,,,,,,,,,
,,,,,,,,,,,,,,,,,,,,,,,,,,,,,,,,,,
,,,,,,,,,,,,,,,,,,,,,,,,,,,,,,,,,,
,,,,,,,,,,,,,,,,,,,,,,,,,,,,,,,,,,
,,,,,,,,,,,,,,,,,,,,,,,,,,,,,,,,,,
,,,,,,,,,,,,,,,,,,,,,,,,,,,,,,,,,,
,,,,,,,,,,,,,,,,,,,,,,,,,,,,,,,,,,
,,,,,,,,,,,,,,,,,,,,,,,,,,,,,,,,,,
,,,,,,,,,,,,,,,,,,,,,,,,,,,,,,,,,,
,,,,,,,,,,,,,,,,,,,,,,,,,,,,,,,,,,
,,,,,,,,,,,,,,,,,,,,,,,,,,,,,,,,,,
,,,,,,,,,,,,,,,,,,,,,,,,,,,,,,,,,,
,,,,,,,,,,,,,,,,,,,,,,,,,,,,,,,,,,
,,,,,,,,,,,,,,,,,,,,,,,,,,,,,,,,,,
,,,,,,,,,,,,,,,,,,,,,,,,,,,,,,,,,,
,,,,,,,,,,,,,,,,,,,,,,,,,,,,,,,,,,
,,,,,,,,,,,,,,,,,,,,,,,,,,,,,,,,,,
,,,,,,,,,,,,,,,,,,,,,,,,,,,,,,,,,,
,,,,,,,,,,,,,,,,,,,,,,,,,,,,,,,,,,
,,,,,,,,,,,,,,,,,,,,,,,,,,,,,,,,,,
,,,,,,,,,,,,,,,,,,,,,,,,,,,,,,,,,,
,,,,,,,,,,,,,,,,,,,,,,,,,,,,,,,,,,
,,,,,,,,,,,,,,,,,,,,,,,,,,,,,,,,,,
,,,,,,,,,,,,,,,,,,,,,,,,,,,,,,,,,,
,,,,,,,,,,,,,,,,,,,,,,,,,,,,,,,,,,
,,,,,,,,,,,,,,,,,,,,,,,,,,,,,,,,,,
,,,,,,,,,,,,,,,,,,,,,,,,,,,,,,,,,,
,,,,,,,,,,,,,,,,,,,,,,,,,,,,,,,,,,
,,,,,,,,,,,,,,,,,,,,,,,,,,,,,,,,,,
,,,,,,,,,,,,,,,,,,,,,,,,,,,,,,,,,,
,,,,,,,,,,,,,,,,,,,,,,,,,,,,,,,,,,
,,,,,,,,,,,,,,,,,,,,,,,,,,,,,,,,,,
,,,,,,,,,,,,,,,,,,,,,,,,,,,,,,,,,,
,,,,,,,,,,,,,,,,,,,,,,,,,,,,,,,,,,
,,,,,,,,,,,,,,,,,,,,,,,,,,,,,,,,,,
,,,,,,,,,,,,,,,,,,,,,,,,,,,,,,,,,,
,,,,,,,,,,,,,,,,,,,,,,,,,,,,,,,,,,
,,,,,,,,,,,,,,,,,,,,,,,,,,,,,,,,,,
,,,,,,,,,,,,,,,,,,,,,,,,,,,,,,,,,,
,,,,,,,,,,,,,,,,,,,,,,,,,,,,,,,,,,
,,,,,,,,,,,,,,,,,,,,,,,,,,,,,,,,,,
,,,,,,,,,,,,,,,,,,,,,,,,,,,,,,,,,,
,,,,,,,,,,,,,,,,,,,,,,,,,,,,,,,,,,
,,,,,,,,,,,,,,,,,,,,,,,,,,,,,,,,,,
,,,,,,,,,,,,,,,,,,,,,,,,,,,,,,,,,,
,,,,,,,,,,,,,,,,,,,,,,,,,,,,,,,,,,
,,,,,,,,,,,,,,,,,,,,,,,,,,,,,,,,,,
,,,,,,,,,,,,,,,,,,,,,,,,,,,,,,,,,,
,,,,,,,,,,,,,,,,,,,,,,,,,,,,,,,,,,
,,,,,,,,,,,,,,,,,,,,,,,,,,,,,,,,,,
,,,,,,,,,,,,,,,,,,,,,,,,,,,,,,,,,,
,,,,,,,,,,,,,,,,,,,,,,,,,,,,,,,,,,
,,,,,,,,,,,,,,,,,,,,,,,,,,,,,,,,,,
,,,,,,,,,,,,,,,,,,,,,,,,,,,,,,,,,,
,,,,,,,,,,,,,,,,,,,,,,,,,,,,,,,,,,
,,,,,,,,,,,,,,,,,,,,,,,,,,,,,,,,,,
,,,,,,,,,,,,,,,,,,,,,,,,,,,,,,,,,,
,,,,,,,,,,,,,,,,,,,,,,,,,,,,,,,,,,
,,,,,,,,,,,,,,,,,,,,,,,,,,,,,,,,,,
,,,,,,,,,,,,,,,,,,,,,,,,,,,,,,,,,,
,,,,,,,,,,,,,,,,,,,,,,,,,,,,,,,,,,
,,,,,,,,,,,,,,,,,,,,,,,,,,,,,,,,,,
,,,,,,,,,,,,,,,,,,,,,,,,,,,,,,,,,,
,,,,,,,,,,,,,,,,,,,,,,,,,,,,,,,,,,
,,,,,,,,,,,,,,,,,,,,,,,,,,,,,,,,,,
,,,,,,,,,,,,,,,,,,,,,,,,,,,,,,,,,,
,,,,,,,,,,,,,,,,,,,,,,,,,,,,,,,,,,
,,,,,,,,,,,,,,,,,,,,,,,,,,,,,,,,,,
,,,,,,,,,,,,,,,,,,,,,,,,,,,,,,,,,,
,,,,,,,,,,,,,,,,,,,,,,,,,,,,,,,,,,
,,,,,,,,,,,,,,,,,,,,,,,,,,,,,,,,,,
,,,,,,,,,,,,,,,,,,,,,,,,,,,,,,,,,,
,,,,,,,,,,,,,,,,,,,,,,,,,,,,,,,,,,
,,,,,,,,,,,,,,,,,,,,,,,,,,,,,,,,,,
,,,,,,,,,,,,,,,,,,,,,,,,,,,,,,,,,,
,,,,,,,,,,,,,,,,,,,,,,,,,,,,,,,,,,
,,,,,,,,,,,,,,,,,,,,,,,,,,,,,,,,,,
,,,,,,,,,,,,,,,,,,,,,,,,,,,,,,,,,,
,,,,,,,,,,,,,,,,,,,,,,,,,,,,,,,,,,
,,,,,,,,,,,,,,,,,,,,,,,,,,,,,,,,,,
,,,,,,,,,,,,,,,,,,,,,,,,,,,,,,,,,,
,,,,,,,,,,,,,,,,,,,,,,,,,,,,,,,,,,
,,,,,,,,,,,,,,,,,,,,,,,,,,,,,,,,,,
,,,,,,,,,,,,,,,,,,,,,,,,,,,,,,,,,,
,,,,,,,,,,,,,,,,,,,,,,,,,,,,,,,,,,
,,,,,,,,,,,,,,,,,,,,,,,,,,,,,,,,,,
,,,,,,,,,,,,,,,,,,,,,,,,,,,,,,,,,,
,,,,,,,,,,,,,,,,,,,,,,,,,,,,,,,,,,
,,,,,,,,,,,,,,,,,,,,,,,,,,,,,,,,,,
,,,,,,,,,,,,,,,,,,,,,,,,,,,,,,,,,,
,,,,,,,,,,,,,,,,,,,,,,,,,,,,,,,,,,
,,,,,,,,,,,,,,,,,,,,,,,,,,,,,,,,,,
,,,,,,,,,,,,,,,,,,,,,,,,,,,,,,,,,,
,,,,,,,,,,,,,,,,,,,,,,,,,,,,,,,,,,
,,,,,,,,,,,,,,,,,,,,,,,,,,,,,,,,,,
,,,,,,,,,,,,,,,,,,,,,,,,,,,,,,,,,,
,,,,,,,,,,,,,,,,,,,,,,,,,,,,,,,,,,
,,,,,,,,,,,,,,,,,,,,,,,,,,,,,,,,,,
,,,,,,,,,,,,,,,,,,,,,,,,,,,,,,,,,,
,,,,,,,,,,,,,,,,,,,,,,,,,,,,,,,,,,
,,,,,,,,,,,,,,,,,,,,,,,,,,,,,,,,,,
,,,,,,,,,,,,,,,,,,,,,,,,,,,,,,,,,,
,,,,,,,,,,,,,,,,,,,,,,,,,,,,,,,,,,
,,,,,,,,,,,,,,,,,,,,,,,,,,,,,,,,,,
,,,,,,,,,,,,,,,,,,,,,,,,,,,,,,,,,,
,,,,,,,,,,,,,,,,,,,,,,,,,,,,,,,,,,
,,,,,,,,,,,,,,,,,,,,,,,,,,,,,,,,,,
,,,,,,,,,,,,,,,,,,,,,,,,,,,,,,,,,,
,,,,,,,,,,,,,,,,,,,,,,,,,,,,,,,,,,
,,,,,,,,,,,,,,,,,,,,,,,,,,,,,,,,,,
,,,,,,,,,,,,,,,,,,,,,,,,,,,,,,,,,,
,,,,,,,,,,,,,,,,,,,,,,,,,,,,,,,,,,
,,,,,,,,,,,,,,,,,,,,,,,,,,,,,,,,,,
,,,,,,,,,,,,,,,,,,,,,,,,,,,,,,,,,,
,,,,,,,,,,,,,,,,,,,,,,,,,,,,,,,,,,
,,,,,,,,,,,,,,,,,,,,,,,,,,,,,,,,,,
,,,,,,,,,,,,,,,,,,,,,,,,,,,,,,,,,,
,,,,,,,,,,,,,,,,,,,,,,,,,,,,,,,,,,
,,,,,,,,,,,,,,,,,,,,,,,,,,,,,,,,,,
,,,,,,,,,,,,,,,,,,,,,,,,,,,,,,,,,,
,,,,,,,,,,,,,,,,,,,,,,,,,,,,,,,,,,
,,,,,,,,,,,,,,,,,,,,,,,,,,,,,,,,,,
,,,,,,,,,,,,,,,,,,,,,,,,,,,,,,,,,,
,,,,,,,,,,,,,,,,,,,,,,,,,,,,,,,,,,
,,,,,,,,,,,,,,,,,,,,,,,,,,,,,,,,,,
,,,,,,,,,,,,,,,,,,,,,,,,,,,,,,,,,,
,,,,,,,,,,,,,,,,,,,,,,,,,,,,,,,,,,
,,,,,,,,,,,,,,,,,,,,,,,,,,,,,,,,,,
,,,,,,,,,,,,,,,,,,,,,,,,,,,,,,,,,,
,,,,,,,,,,,,,,,,,,,,,,,,,,,,,,,,,,
,,,,,,,,,,,,,,,,,,,,,,,,,,,,,,,,,,
,,,,,,,,,,,,,,,,,,,,,,,,,,,,,,,,,,
,,,,,,,,,,,,,,,,,,,,,,,,,,,,,,,,,,
,,,,,,,,,,,,,,,,,,,,,,,,,,,,,,,,,,
,,,,,,,,,,,,,,,,,,,,,,,,,,,,,,,,,,
,,,,,,,,,,,,,,,,,,,,,,,,,,,,,,,,,,
,,,,,,,,,,,,,,,,,,,,,,,,,,,,,,,,,,
,,,,,,,,,,,,,,,,,,,,,,,,,,,,,,,,,,
,,,,,,,,,,,,,,,,,,,,,,,,,,,,,,,,,,
,,,,,,,,,,,,,,,,,,,,,,,,,,,,,,,,,,
,,,,,,,,,,,,,,,,,,,,,,,,,,,,,,,,,,
,,,,,,,,,,,,,,,,,,,,,,,,,,,,,,,,,,
,,,,,,,,,,,,,,,,,,,,,,,,,,,,,,,,,,
,,,,,,,,,,,,,,,,,,,,,,,,,,,,,,,,,,
,,,,,,,,,,,,,,,,,,,,,,,,,,,,,,,,,,
,,,,,,,,,,,,,,,,,,,,,,,,,,,,,,,,,,
,,,,,,,,,,,,,,,,,,,,,,,,,,,,,,,,,,
,,,,,,,,,,,,,,,,,,,,,,,,,,,,,,,,,,
,,,,,,,,,,,,,,,,,,,,,,,,,,,,,,,,,,
,,,,,,,,,,,,,,,,,,,,,,,,,,,,,,,,,,
,,,,,,,,,,,,,,,,,,,,,,,,,,,,,,,,,,
,,,,,,,,,,,,,,,,,,,,,,,,,,,,,,,,,,
,,,,,,,,,,,,,,,,,,,,,,,,,,,,,,,,,,
,,,,,,,,,,,,,,,,,,,,,,,,,,,,,,,,,,
,,,,,,,,,,,,,,,,,,,,,,,,,,,,,,,,,,
,,,,,,,,,,,,,,,,,,,,,,,,,,,,,,,,,,
,,,,,,,,,,,,,,,,,,,,,,,,,,,,,,,,,,
,,,,,,,,,,,,,,,,,,,,,,,,,,,,,,,,,,
,,,,,,,,,,,,,,,,,,,,,,,,,,,,,,,,,,
,,,,,,,,,,,,,,,,,,,,,,,,,,,,,,,,,,
,,,,,,,,,,,,,,,,,,,,,,,,,,,,,,,,,,
,,,,,,,,,,,,,,,,,,,,,,,,,,,,,,,,,,
,,,,,,,,,,,,,,,,,,,,,,,,,,,,,,,,,,
,,,,,,,,,,,,,,,,,,,,,,,,,,,,,,,,,,
,,,,,,,,,,,,,,,,,,,,,,,,,,,,,,,,,,
,,,,,,,,,,,,,,,,,,,,,,,,,,,,,,,,,,
,,,,,,,,,,,,,,,,,,,,,,,,,,,,,,,,,,
,,,,,,,,,,,,,,,,,,,,,,,,,,,,,,,,,,
,,,,,,,,,,,,,,,,,,,,,,,,,,,,,,,,,,
,,,,,,,,,,,,,,,,,,,,,,,,,,,,,,,,,,
,,,,,,,,,,,,,,,,,,,,,,,,,,,,,,,,,,
,,,,,,,,,,,,,,,,,,,,,,,,,,,,,,,,,,
,,,,,,,,,,,,,,,,,,,,,,,,,,,,,,,,,,
,,,,,,,,,,,,,,,,,,,,,,,,,,,,,,,,,,
,,,,,,,,,,,,,,,,,,,,,,,,,,,,,,,,,,
,,,,,,,,,,,,,,,,,,,,,,,,,,,,,,,,,,
,,,,,,,,,,,,,,,,,,,,,,,,,,,,,,,,,,
,,,,,,,,,,,,,,,,,,,,,,,,,,,,,,,,,,
,,,,,,,,,,,,,,,,,,,,,,,,,,,,,,,,,,
,,,,,,,,,,,,,,,,,,,,,,,,,,,,,,,,,,
,,,,,,,,,,,,,,,,,,,,,,,,,,,,,,,,,,
,,,,,,,,,,,,,,,,,,,,,,,,,,,,,,,,,,
,,,,,,,,,,,,,,,,,,,,,,,,,,,,,,,,,,
,,,,,,,,,,,,,,,,,,,,,,,,,,,,,,,,,,
,,,,,,,,,,,,,,,,,,,,,,,,,,,,,,,,,,
,,,,,,,,,,,,,,,,,,,,,,,,,,,,,,,,,,
,,,,,,,,,,,,,,,,,,,,,,,,,,,,,,,,,,
,,,,,,,,,,,,,,,,,,,,,,,,,,,,,,,,,,
,,,,,,,,,,,,,,,,,,,,,,,,,,,,,,,,,,
,,,,,,,,,,,,,,,,,,,,,,,,,,,,,,,,,,
,,,,,,,,,,,,,,,,,,,,,,,,,,,,,,,,,,
,,,,,,,,,,,,,,,,,,,,,,,,,,,,,,,,,,
,,,,,,,,,,,,,,,,,,,,,,,,,,,,,,,,,,
,,,,,,,,,,,,,,,,,,,,,,,,,,,,,,,,,,
,,,,,,,,,,,,,,,,,,,,,,,,,,,,,,,,,,
,,,,,,,,,,,,,,,,,,,,,,,,,,,,,,,,,,
,,,,,,,,,,,,,,,,,,,,,,,,,,,,,,,,,,
,,,,,,,,,,,,,,,,,,,,,,,,,,,,,,,,,,
,,,,,,,,,,,,,,,,,,,,,,,,,,,,,,,,,,
,,,,,,,,,,,,,,,,,,,,,,,,,,,,,,,,,,
,,,,,,,,,,,,,,,,,,,,,,,,,,,,,,,,,,
,,,,,,,,,,,,,,,,,,,,,,,,,,,,,,,,,,
,,,,,,,,,,,,,,,,,,,,,,,,,,,,,,,,,,
,,,,,,,,,,,,,,,,,,,,,,,,,,,,,,,,,,
,,,,,,,,,,,,,,,,,,,,,,,,,,,,,,,,,,
,,,,,,,,,,,,,,,,,,,,,,,,,,,,,,,,,,
,,,,,,,,,,,,,,,,,,,,,,,,,,,,,,,,,,
,,,,,,,,,,,,,,,,,,,,,,,,,,,,,,,,,,
,,,,,,,,,,,,,,,,,,,,,,,,,,,,,,,,,,
,,,,,,,,,,,,,,,,,,,,,,,,,,,,,,,,,,
,,,,,,,,,,,,,,,,,,,,,,,,,,,,,,,,,,
,,,,,,,,,,,,,,,,,,,,,,,,,,,,,,,,,,
,,,,,,,,,,,,,,,,,,,,,,,,,,,,,,,,,,
,,,,,,,,,,,,,,,,,,,,,,,,,,,,,,,,,,
,,,,,,,,,,,,,,,,,,,,,,,,,,,,,,,,,,
,,,,,,,,,,,,,,,,,,,,,,,,,,,,,,,,,,
,,,,,,,,,,,,,,,,,,,,,,,,,,,,,,,,,,
,,,,,,,,,,,,,,,,,,,,,,,,,,,,,,,,,,
,,,,,,,,,,,,,,,,,,,,,,,,,,,,,,,,,,
,,,,,,,,,,,,,,,,,,,,,,,,,,,,,,,,,,
,,,,,,,,,,,,,,,,,,,,,,,,,,,,,,,,,,
,,,,,,,,,,,,,,,,,,,,,,,,,,,,,,,,,,
,,,,,,,,,,,,,,,,,,,,,,,,,,,,,,,,,,
,,,,,,,,,,,,,,,,,,,,,,,,,,,,,,,,,,
,,,,,,,,,,,,,,,,,,,,,,,,,,,,,,,,,,
,,,,,,,,,,,,,,,,,,,,,,,,,,,,,,,,,,
,,,,,,,,,,,,,,,,,,,,,,,,,,,,,,,,,,
,,,,,,,,,,,,,,,,,,,,,,,,,,,,,,,,,,
,,,,,,,,,,,,,,,,,,,,,,,,,,,,,,,,,,
,,,,,,,,,,,,,,,,,,,,,,,,,,,,,,,,,,
,,,,,,,,,,,,,,,,,,,,,,,,,,,,,,,,,,
,,,,,,,,,,,,,,,,,,,,,,,,,,,,,,,,,,
,,,,,,,,,,,,,,,,,,,,,,,,,,,,,,,,,,
,,,,,,,,,,,,,,,,,,,,,,,,,,,,,,,,,,
,,,,,,,,,,,,,,,,,,,,,,,,,,,,,,,,,,
,,,,,,,,,,,,,,,,,,,,,,,,,,,,,,,,,,
,,,,,,,,,,,,,,,,,,,,,,,,,,,,,,,,,,
,,,,,,,,,,,,,,,,,,,,,,,,,,,,,,,,,,
,,,,,,,,,,,,,,,,,,,,,,,,,,,,,,,,,,
,,,,,,,,,,,,,,,,,,,,,,,,,,,,,,,,,,
,,,,,,,,,,,,,,,,,,,,,,,,,,,,,,,,,,
,,,,,,,,,,,,,,,,,,,,,,,,,,,,,,,,,,
,,,,,,,,,,,,,,,,,,,,,,,,,,,,,,,,,,
,,,,,,,,,,,,,,,,,,,,,,,,,,,,,,,,,,
,,,,,,,,,,,,,,,,,,,,,,,,,,,,,,,,,,
,,,,,,,,,,,,,,,,,,,,,,,,,,,,,,,,,,
,,,,,,,,,,,,,,,,,,,,,,,,,,,,,,,,,,
,,,,,,,,,,,,,,,,,,,,,,,,,,,,,,,,,,
,,,,,,,,,,,,,,,,,,,,,,,,,,,,,,,,,,
,,,,,,,,,,,,,,,,,,,,,,,,,,,,,,,,,,
,,,,,,,,,,,,,,,,,,,,,,,,,,,,,,,,,,
,,,,,,,,,,,,,,,,,,,,,,,,,,,,,,,,,,
,,,,,,,,,,,,,,,,,,,,,,,,,,,,,,,,,,
,,,,,,,,,,,,,,,,,,,,,,,,,,,,,,,,,,
,,,,,,,,,,,,,,,,,,,,,,,,,,,,,,,,,,
,,,,,,,,,,,,,,,,,,,,,,,,,,,,,,,,,,
,,,,,,,,,,,,,,,,,,,,,,,,,,,,,,,,,,
,,,,,,,,,,,,,,,,,,,,,,,,,,,,,,,,,,
,,,,,,,,,,,,,,,,,,,,,,,,,,,,,,,,,,
,,,,,,,,,,,,,,,,,,,,,,,,,,,,,,,,,,
,,,,,,,,,,,,,,,,,,,,,,,,,,,,,,,,,,
,,,,,,,,,,,,,,,,,,,,,,,,,,,,,,,,,,
,,,,,,,,,,,,,,,,,,,,,,,,,,,,,,,,,,
,,,,,,,,,,,,,,,,,,,,,,,,,,,,,,,,,,
,,,,,,,,,,,,,,,,,,,,,,,,,,,,,,,,,,
,,,,,,,,,,,,,,,,,,,,,,,,,,,,,,,,,,
,,,,,,,,,,,,,,,,,,,,,,,,,,,,,,,,,,
,,,,,,,,,,,,,,,,,,,,,,,,,,,,,,,,,,
,,,,,,,,,,,,,,,,,,,,,,,,,,,,,,,,,,
,,,,,,,,,,,,,,,,,,,,,,,,,,,,,,,,,,
,,,,,,,,,,,,,,,,,,,,,,,,,,,,,,,,,,
,,,,,,,,,,,,,,,,,,,,,,,,,,,,,,,,,,
,,,,,,,,,,,,,,,,,,,,,,,,,,,,,,,,,,
,,,,,,,,,,,,,,,,,,,,,,,,,,,,,,,,,,
,,,,,,,,,,,,,,,,,,,,,,,,,,,,,,,,,,
,,,,,,,,,,,,,,,,,,,,,,,,,,,,,,,,,,
,,,,,,,,,,,,,,,,,,,,,,,,,,,,,,,,,,
,,,,,,,,,,,,,,,,,,,,,,,,,,,,,,,,,,
,,,,,,,,,,,,,,,,,,,,,,,,,,,,,,,,,,
,,,,,,,,,,,,,,,,,,,,,,,,,,,,,,,,,,
,,,,,,,,,,,,,,,,,,,,,,,,,,,,,,,,,,
,,,,,,,,,,,,,,,,,,,,,,,,,,,,,,,,,,
,,,,,,,,,,,,,,,,,,,,,,,,,,,,,,,,,,
,,,,,,,,,,,,,,,,,,,,,,,,,,,,,,,,,,
,,,,,,,,,,,,,,,,,,,,,,,,,,,,,,,,,,
,,,,,,,,,,,,,,,,,,,,,,,,,,,,,,,,,,
,,,,,,,,,,,,,,,,,,,,,,,,,,,,,,,,,,
,,,,,,,,,,,,,,,,,,,,,,,,,,,,,,,,,,
,,,,,,,,,,,,,,,,,,,,,,,,,,,,,,,,,,
,,,,,,,,,,,,,,,,,,,,,,,,,,,,,,,,,,
,,,,,,,,,,,,,,,,,,,,,,,,,,,,,,,,,,
,,,,,,,,,,,,,,,,,,,,,,,,,,,,,,,,,,
,,,,,,,,,,,,,,,,,,,,,,,,,,,,,,,,,,
,,,,,,,,,,,,,,,,,,,,,,,,,,,,,,,,,,
,,,,,,,,,,,,,,,,,,,,,,,,,,,,,,,,,,
,,,,,,,,,,,,,,,,,,,,,,,,,,,,,,,,,,
,,,,,,,,,,,,,,,,,,,,,,,,,,,,,,,,,,
,,,,,,,,,,,,,,,,,,,,,,,,,,,,,,,,,,
,,,,,,,,,,,,,,,,,,,,,,,,,,,,,,,,,,
,,,,,,,,,,,,,,,,,,,,,,,,,,,,,,,,,,
,,,,,,,,,,,,,,,,,,,,,,,,,,,,,,,,,,
,,,,,,,,,,,,,,,,,,,,,,,,,,,,,,,,,,
,,,,,,,,,,,,,,,,,,,,,,,,,,,,,,,,,,
,,,,,,,,,,,,,,,,,,,,,,,,,,,,,,,,,,
,,,,,,,,,,,,,,,,,,,,,,,,,,,,,,,,,,
,,,,,,,,,,,,,,,,,,,,,,,,,,,,,,,,,,
,,,,,,,,,,,,,,,,,,,,,,,,,,,,,,,,,,
,,,,,,,,,,,,,,,,,,,,,,,,,,,,,,,,,,
,,,,,,,,,,,,,,,,,,,,,,,,,,,,,,,,,,
,,,,,,,,,,,,,,,,,,,,,,,,,,,,,,,,,,
,,,,,,,,,,,,,,,,,,,,,,,,,,,,,,,,,,
,,,,,,,,,,,,,,,,,,,,,,,,,,,,,,,,,,
,,,,,,,,,,,,,,,,,,,,,,,,,,,,,,,,,,
,,,,,,,,,,,,,,,,,,,,,,,,,,,,,,,,,,
,,,,,,,,,,,,,,,,,,,,,,,,,,,,,,,,,,
,,,,,,,,,,,,,,,,,,,,,,,,,,,,,,,,,,
,,,,,,,,,,,,,,,,,,,,,,,,,,,,,,,,,,
,,,,,,,,,,,,,,,,,,,,,,,,,,,,,,,,,,
,,,,,,,,,,,,,,,,,,,,,,,,,,,,,,,,,,
,,,,,,,,,,,,,,,,,,,,,,,,,,,,,,,,,,
,,,,,,,,,,,,,,,,,,,,,,,,,,,,,,,,,,
,,,,,,,,,,,,,,,,,,,,,,,,,,,,,,,,,,
,,,,,,,,,,,,,,,,,,,,,,,,,,,,,,,,,,
,,,,,,,,,,,,,,,,,,,,,,,,,,,,,,,,,,
,,,,,,,,,,,,,,,,,,,,,,,,,,,,,,,,,,
,,,,,,,,,,,,,,,,,,,,,,,,,,,,,,,,,,
,,,,,,,,,,,,,,,,,,,,,,,,,,,,,,,,,,
,,,,,,,,,,,,,,,,,,,,,,,,,,,,,,,,,,
,,,,,,,,,,,,,,,,,,,,,,,,,,,,,,,,,,
,,,,,,,,,,,,,,,,,,,,,,,,,,,,,,,,,,
,,,,,,,,,,,,,,,,,,,,,,,,,,,,,,,,,,
,,,,,,,,,,,,,,,,,,,,,,,,,,,,,,,,,,
,,,,,,,,,,,,,,,,,,,,,,,,,,,,,,,,,,
,,,,,,,,,,,,,,,,,,,,,,,,,,,,,,,,,,
,,,,,,,,,,,,,,,,,,,,,,,,,,,,,,,,,,
,,,,,,,,,,,,,,,,,,,,,,,,,,,,,,,,,,
,,,,,,,,,,,,,,,,,,,,,,,,,,,,,,,,,,
,,,,,,,,,,,,,,,,,,,,,,,,,,,,,,,,,,
,,,,,,,,,,,,,,,,,,,,,,,,,,,,,,,,,,
,,,,,,,,,,,,,,,,,,,,,,,,,,,,,,,,,,
,,,,,,,,,,,,,,,,,,,,,,,,,,,,,,,,,,
,,,,,,,,,,,,,,,,,,,,,,,,,,,,,,,,,,
,,,,,,,,,,,,,,,,,,,,,,,,,,,,,,,,,,
,,,,,,,,,,,,,,,,,,,,,,,,,,,,,,,,,,
,,,,,,,,,,,,,,,,,,,,,,,,,,,,,,,,,,
,,,,,,,,,,,,,,,,,,,,,,,,,,,,,,,,,,
,,,,,,,,,,,,,,,,,,,,,,,,,,,,,,,,,,
,,,,,,,,,,,,,,,,,,,,,,,,,,,,,,,,,,
,,,,,,,,,,,,,,,,,,,,,,,,,,,,,,,,,,
,,,,,,,,,,,,,,,,,,,,,,,,,,,,,,,,,,
,,,,,,,,,,,,,,,,,,,,,,,,,,,,,,,,,,
,,,,,,,,,,,,,,,,,,,,,,,,,,,,,,,,,,
,,,,,,,,,,,,,,,,,,,,,,,,,,,,,,,,,,
,,,,,,,,,,,,,,,,,,,,,,,,,,,,,,,,,,
,,,,,,,,,,,,,,,,,,,,,,,,,,,,,,,,,,
,,,,,,,,,,,,,,,,,,,,,,,,,,,,,,,,,,
,,,,,,,,,,,,,,,,,,,,,,,,,,,,,,,,,,
,,,,,,,,,,,,,,,,,,,,,,,,,,,,,,,,,,
,,,,,,,,,,,,,,,,,,,,,,,,,,,,,,,,,,
,,,,,,,,,,,,,,,,,,,,,,,,,,,,,,,,,,
,,,,,,,,,,,,,,,,,,,,,,,,,,,,,,,,,,
,,,,,,,,,,,,,,,,,,,,,,,,,,,,,,,,,,
,,,,,,,,,,,,,,,,,,,,,,,,,,,,,,,,,,
,,,,,,,,,,,,,,,,,,,,,,,,,,,,,,,,,,
,,,,,,,,,,,,,,,,,,,,,,,,,,,,,,,,,,
,,,,,,,,,,,,,,,,,,,,,,,,,,,,,,,,,,
,,,,,,,,,,,,,,,,,,,,,,,,,,,,,,,,,,
,,,,,,,,,,,,,,,,,,,,,,,,,,,,,,,,,,
,,,,,,,,,,,,,,,,,,,,,,,,,,,,,,,,,,
,,,,,,,,,,,,,,,,,,,,,,,,,,,,,,,,,,
,,,,,,,,,,,,,,,,,,,,,,,,,,,,,,,,,,
,,,,,,,,,,,,,,,,,,,,,,,,,,,,,,,,,,
,,,,,,,,,,,,,,,,,,,,,,,,,,,,,,,,,,
,,,,,,,,,,,,,,,,,,,,,,,,,,,,,,,,,,
,,,,,,,,,,,,,,,,,,,,,,,,,,,,,,,,,,
,,,,,,,,,,,,,,,,,,,,,,,,,,,,,,,,,,
,,,,,,,,,,,,,,,,,,,,,,,,,,,,,,,,,,
,,,,,,,,,,,,,,,,,,,,,,,,,,,,,,,,,,
,,,,,,,,,,,,,,,,,,,,,,,,,,,,,,,,,,
,,,,,,,,,,,,,,,,,,,,,,,,,,,,,,,,,,
,,,,,,,,,,,,,,,,,,,,,,,,,,,,,,,,,,
,,,,,,,,,,,,,,,,,,,,,,,,,,,,,,,,,,
,,,,,,,,,,,,,,,,,,,,,,,,,,,,,,,,,,
,,,,,,,,,,,,,,,,,,,,,,,,,,,,,,,,,,
,,,,,,,,,,,,,,,,,,,,,,,,,,,,,,,,,,
,,,,,,,,,,,,,,,,,,,,,,,,,,,,,,,,,,
,,,,,,,,,,,,,,,,,,,,,,,,,,,,,,,,,,
,,,,,,,,,,,,,,,,,,,,,,,,,,,,,,,,,,
,,,,,,,,,,,,,,,,,,,,,,,,,,,,,,,,,,
,,,,,,,,,,,,,,,,,,,,,,,,,,,,,,,,,,
,,,,,,,,,,,,,,,,,,,,,,,,,,,,,,,,,,
,,,,,,,,,,,,,,,,,,,,,,,,,,,,,,,,,,
,,,,,,,,,,,,,,,,,,,,,,,,,,,,,,,,,,
,,,,,,,,,,,,,,,,,,,,,,,,,,,,,,,,,,
,,,,,,,,,,,,,,,,,,,,,,,,,,,,,,,,,,
,,,,,,,,,,,,,,,,,,,,,,,,,,,,,,,,,,
,,,,,,,,,,,,,,,,,,,,,,,,,,,,,,,,,,
,,,,,,,,,,,,,,,,,,,,,,,,,,,,,,,,,,
,,,,,,,,,,,,,,,,,,,,,,,,,,,,,,,,,,
,,,,,,,,,,,,,,,,,,,,,,,,,,,,,,,,,,
,,,,,,,,,,,,,,,,,,,,,,,,,,,,,,,,,,
,,,,,,,,,,,,,,,,,,,,,,,,,,,,,,,,,,
,,,,,,,,,,,,,,,,,,,,,,,,,,,,,,,,,,
,,,,,,,,,,,,,,,,,,,,,,,,,,,,,,,,,,
,,,,,,,,,,,,,,,,,,,,,,,,,,,,,,,,,,
,,,,,,,,,,,,,,,,,,,,,,,,,,,,,,,,,,
,,,,,,,,,,,,,,,,,,,,,,,,,,,,,,,,,,
,,,,,,,,,,,,,,,,,,,,,,,,,,,,,,,,,,
,,,,,,,,,,,,,,,,,,,,,,,,,,,,,,,,,,
,,,,,,,,,,,,,,,,,,,,,,,,,,,,,,,,,,
,,,,,,,,,,,,,,,,,,,,,,,,,,,,,,,,,,
,,,,,,,,,,,,,,,,,,,,,,,,,,,,,,,,,,
,,,,,,,,,,,,,,,,,,,,,,,,,,,,,,,,,,
,,,,,,,,,,,,,,,,,,,,,,,,,,,,,,,,,,
,,,,,,,,,,,,,,,,,,,,,,,,,,,,,,,,,,
,,,,,,,,,,,,,,,,,,,,,,,,,,,,,,,,,,
,,,,,,,,,,,,,,,,,,,,,,,,,,,,,,,,,,
,,,,,,,,,,,,,,,,,,,,,,,,,,,,,,,,,,
,,,,,,,,,,,,,,,,,,,,,,,,,,,,,,,,,,
,,,,,,,,,,,,,,,,,,,,,,,,,,,,,,,,,,
,,,,,,,,,,,,,,,,,,,,,,,,,,,,,,,,,,
,,,,,,,,,,,,,,,,,,,,,,,,,,,,,,,,,,
,,,,,,,,,,,,,,,,,,,,,,,,,,,,,,,,,,
,,,,,,,,,,,,,,,,,,,,,,,,,,,,,,,,,,
,,,,,,,,,,,,,,,,,,,,,,,,,,,,,,,,,,
,,,,,,,,,,,,,,,,,,,,,,,,,,,,,,,,,,
,,,,,,,,,,,,,,,,,,,,,,,,,,,,,,,,,,
,,,,,,,,,,,,,,,,,,,,,,,,,,,,,,,,,,
,,,,,,,,,,,,,,,,,,,,,,,,,,,,,,,,,,
,,,,,,,,,,,,,,,,,,,,,,,,,,,,,,,,,,
,,,,,,,,,,,,,,,,,,,,,,,,,,,,,,,,,,
,,,,,,,,,,,,,,,,,,,,,,,,,,,,,,,,,,
,,,,,,,,,,,,,,,,,,,,,,,,,,,,,,,,,,
,,,,,,,,,,,,,,,,,,,,,,,,,,,,,,,,,,
,,,,,,,,,,,,,,,,,,,,,,,,,,,,,,,,,,
,,,,,,,,,,,,,,,,,,,,,,,,,,,,,,,,,,
,,,,,,,,,,,,,,,,,,,,,,,,,,,,,,,,,,
,,,,,,,,,,,,,,,,,,,,,,,,,,,,,,,,,,
,,,,,,,,,,,,,,,,,,,,,,,,,,,,,,,,,,
,,,,,,,,,,,,,,,,,,,,,,,,,,,,,,,,,,
,,,,,,,,,,,,,,,,,,,,,,,,,,,,,,,,,,
,,,,,,,,,,,,,,,,,,,,,,,,,,,,,,,,,,
,,,,,,,,,,,,,,,,,,,,,,,,,,,,,,,,,,
,,,,,,,,,,,,,,,,,,,,,,,,,,,,,,,,,,
,,,,,,,,,,,,,,,,,,,,,,,,,,,,,,,,,,
,,,,,,,,,,,,,,,,,,,,,,,,,,,,,,,,,,
,,,,,,,,,,,,,,,,,,,,,,,,,,,,,,,,,,
,,,,,,,,,,,,,,,,,,,,,,,,,,,,,,,,,,
,,,,,,,,,,,,,,,,,,,,,,,,,,,,,,,,,,
,,,,,,,,,,,,,,,,,,,,,,,,,,,,,,,,,,
,,,,,,,,,,,,,,,,,,,,,,,,,,,,,,,,,,
,,,,,,,,,,,,,,,,,,,,,,,,,,,,,,,,,,
,,,,,,,,,,,,,,,,,,,,,,,,,,,,,,,,,,
,,,,,,,,,,,,,,,,,,,,,,,,,,,,,,,,,,
,,,,,,,,,,,,,,,,,,,,,,,,,,,,,,,,,,
,,,,,,,,,,,,,,,,,,,,,,,,,,,,,,,,,,
,,,,,,,,,,,,,,,,,,,,,,,,,,,,,,,,,,
,,,,,,,,,,,,,,,,,,,,,,,,,,,,,,,,,,
